LISTE DES CENTRES DE LA PETITE ENFANCE ET GARDERIES EN FONCTION,,,,,,,,,,,,,
Mise à jour le 1er novembre 2022,,,,,,,,,,,,,
,,,,,,,,,,,,,
Nom de l'installation,Région administrative,Adresse,Municipalité,Code postal,Téléphone,Télécopieur,Adresse courriel,Type de service de garde,Places totales au permis,Places 17 mois ou moins,Place à contribution réduite,Coordonnées géographiques,ARTM
"CENTRE DE LA PETITE ENFANCE ""LA DOUCE COUVÉE""",16 - Montérégie,"545, rue Bonin",Acton Vale,J0H 1A0,(450) 546-5573,(450) 546-2018,infocpe@ladoucecouvee.ca,CPE,65,10,CR,,0
CENTRE À LA PETITE ENFANCE LES P'TITES FRIMOUSSES,16 - Montérégie,"1195, rue Ricard",Acton Vale,J0H 1A0,(450) 546-3314,,cpelesptitesfrimousses@gmail.com,CPE,80,10,CR,,0
CENTRE DE LA PETITE ENFANCE BAMBIN CLUB,16 - Montérégie,"255, rue Saint-Jean",Ange-Gardien,J0E 1E0,(450) 293-2226,(450) 293-4722,info@cpebambinclub.com,CPE,60,10,CR,,0
CPE BAMBIN CLUB -INSTALLATION ANGE-GARDIEN,16 - Montérégie,"336, rue Principale",Ange-Gardien,J0E 1E0,(450) 293-2226,(450) 293-4722,info@cpebambinclub.com,CPE,80,15,CR,,0
CENTRE DE LA PETITE ENFANCE BOBINO INC.,16 - Montérégie,"868, boulevard Cadieux",Beauharnois,J6N 2G2,(450) 429-4548,(450) 429-7754,gaetane.lessard@cpebobino.com,CPE,57,5,CR,,1
CPE BOBINO DE MELOCHEVILLE,16 - Montérégie,"54, rue Bourcier",Beauharnois,J6N 0J3,(450) 225-3553,(450) 225-3556,gaetane.lessard@cpebobino.com,CPE,47,5,CR,,1
CPE BOBINO-INSTALLATION TAPAGEUR,16 - Montérégie,"11, rue Saint-Joseph",Beauharnois,J6N 1Z3,(450) 429-7575,(450) 429-2214,gaetane.lessard@cpebobino.com,CPE,60,10,CR,,1
GARDERIE LES MINIS SPORTIFS INC.,16 - Montérégie,"281, chemin du Canal",Beauharnois,J6N 0H4,(450) 807-4400,,glmsi@videotron.ca,GARD,44,10,,,1
GARDERIE ZOOKAKOU 2,16 - Montérégie,"105-520, boulevard Cadieux",Beauharnois,J6N 0R5,(514) 754-6199,,garderiezookakou@hotmail.ca,GARD,75,15,,,1
ACADÉMIE PRÉSCOLAIRE ET SPORTIVE LES CAPUCINES INC.,16 - Montérégie,"353, rue Duvernay",Beloeil,J3G 5S8,(450) 536-1996,,apslescapucines@gmail.com,GARD,49,9,,,1
"AU PRÉSCOLAIRE MUSICAL, TRILINGUE ET VERT",16 - Montérégie,"66, rue Brunelle",Beloeil,J3G 2M7,(514) 701-4588,(450) 813-4519,auprescolaire@gmail.com,GARD,65,10,CR,,1
CENTRE DE LA PETITE ENFANCE JOUJOU,16 - Montérégie,"820, rue Borduas",Beloeil,J3G 5G8,(450) 467-0391,,Info@cpejoujou.ca,CPE,60,5,CR,,1
CENTRE DE LA PETITE ENFANCE JOUJOU,16 - Montérégie,"1056, rue Richelieu",Beloeil,J3G 4R2,"(450) 467-8281, poste 224",(450) 467-4078,Info@cpejoujou.ca,CPE,80,10,CR,,1
GARDERIE DU NOUVEAU MONDE DE BELOEIL INC.,16 - Montérégie,"682, Nepveu",Beloeil,J3G 5G3,(450) 281-0799,(450) 281-0792,garderielenouveaumondebeloeil@live.ca,GARD,60,10,CR,,1
"GARDERIE L'OURS, LA FOUINE ET LE LION",16 - Montérégie,"1478, rue André-Labadie",Beloeil,J3G 0A3,(450) 464-7564,(450) 464-9025,thepowerdave@gmail.com,GARD,80,10,CR,,1
GARDERIE PIROUETTES ET CARAMBOLES,16 - Montérégie,"821, rue Ange-Aimé-Lebrun",Beloeil,J3G 0P5,(450) 864-0135,,isabelle.dir@pirouettesetcaramboles.ca,GARD,80,10,CR,,1
GARDERIE ÉCO-TENDRESSE,16 - Montérégie,"267, boulevard Cartier",Beloeil,J3G 3R2,(450) 300-2969,,ecotendresse@gmail.com,GARD,54,5,,,1
GARDERIE ÉDUCATIVE LES PETITS DE BELOEIL INC.,16 - Montérégie,"320, boulevard Yvon l'Heureux nord",Beloeil,J3G 5P2,(514) 588-3470,,info@lespetitsdebeloeil.com,GARD,52,10,,,1
L'ÎLE DE NOS TRÉSORS,16 - Montérégie,"94, boulevard Cartier",Beloeil,J3G 5X8,"(450) 600-1255, poste 514",(450) 600-1255,info@gestionmjb.ca,GARD,78,10,CR,,
LES COEURS DE BELOEIL,16 - Montérégie,"223, boulevard Cartier",Beloeil,J3G 3R2,(450) 281-1020,,mams@live.ca,GARD,58,10,,,1
SUR LA ROUTE DES PETITS TRÉSORS INC.,16 - Montérégie,"275, boulevard Sir Wilfrid Laurier, local 101",Beloeil,J3G 4H2,(514) 813-4541,,surlaroutedespetitstresors@outlook.com,GARD,75,15,,,1
ÉCOLE PRÉ MATERNELLE À PETITS PAS INC.,16 - Montérégie,"39, boulevard Cartier",Beloeil,J3G 3R6,,,prematernelleapetitspas@videotron.ca,GARD,42,0,,,1
ABC DU BOISÉ INC.,16 - Montérégie,"671, chemin du Lac",Boucherville,J4B 6W8,(450) 906-4050,,abcduboiseinc@outlook.com,GARD,80,20,CR,,1
CENTRE DE LA PETITE ENFANCE DE BOUCHERVILLE,16 - Montérégie,"656, rue Jacques-Cartier",Boucherville,J4B 5L7,(450) 641-7267,(450) 641-4994,info@cpeboucherville.com,CPE,80,10,CR,,1
CENTRE DE LA PETITE ENFANCE DE BOUCHERVILLE,16 - Montérégie,"530, Chemin du lac",Boucherville,J4B 6X3,(450) 641-7267,(450) 641-4994,brigitte.cpeboucherville@qc.aira.com,CPE,80,20,CR,,1
CENTRE DE LA PETITE ENFANCE DOMISOL,16 - Montérégie,"220, chemin du Tremblay",Boucherville,J4B 8H7,"(514) 599-5900, poste 5142",(450) 655-5088,julie.lachance@rona.ca,CPE,78,10,CR,,1
CENTRE DE LA PETITE ENFANCE LA RUCHE MAGIQUE INC.,16 - Montérégie,"1016, rue Charcot",Boucherville,J4B 8R5,(450) 641-2139,,ruche.magique@ruchemagique.com,CPE,80,10,CR,,1
CENTRE DE LA PETITE ENFANCE LA RUCHE MAGIQUE INC.,16 - Montérégie,"1092, rue Charcot",Boucherville,J4B 8R5,,,ruche.magique@ruchemagique.com,CPE,80,15,CR,,1
CENTRE DE LA PETITE ENFANCE SES AMIS,16 - Montérégie,"238, rue Dupernay, bureau 1",Boucherville,J4B 1G6,(450) 655-1357,(450) 655-1374,julie@cpesesamis.ca,CPE,68,0,CR,,1
CENTRE DE LA PETITE ENFANCE SES AMIS,16 - Montérégie,"238, rue Dupernay",Boucherville,J4B 1G6,(450) 655-1357,(450) 655-1374,julie@cpesesamis.ca,CPE,62,10,CR,,1
GARDERIE AU PETIT BOULOT INC.,16 - Montérégie,"55, rue d'Argenson",Boucherville,J4B 6N9,(450) 906-3300,,Garderieapb@gmail.com,GARD,98,20,CR,,1
LE P'TIT MONDE DE PEGGY INC.,16 - Montérégie,"100, rue De Muy",Boucherville,J4B 4T3,(450) 641-1888,,leptitmondedepeggy@gmail.com,GARD,26,0,,,1
LES ATELIERS CHARLOT L'ESCARGOT INC.,16 - Montérégie,"1052, rue Lionel-Daunais, local 104",Boucherville,J4B 0B2,"(450) 857-3232, poste 221",,annie.montour@charlotlescargot.com,GARD,55,0,,,1
LES ATELIERS CHARLOT L'ESCARGOT INC. II,16 - Montérégie,"1052, rue Lionel-Daunais, suite 103",Boucherville,J4B 0B2,(450) 449-1792,,annie.montour@videotron.ca,GARD,54,0,,,1
LES FLAMBOYANTS DE BOUCHERVILLE,16 - Montérégie,"500, boulevard du Fort St-Louis",Boucherville,J4B 1S4,(450) 283-1018,,boucherville@les-flamboyants.com,GARD,80,20,,,1
LES JOYEUX GALOPINS INC.,16 - Montérégie,"1308, rue de Rouen",Boucherville,J4B 8C3,(450) 449-4991,,joyeuxgalopins@gmail.com,GARD,63,0,CR,,1
LES JOYEUX TROUBADOURS,16 - Montérégie,"635, rue de Verrazano",Boucherville,J4B 7P9,(450) 449-1991,,joytroubadours@gmail.com,GARD,64,0,CR,,1
LES MINIS CACHALOTS,16 - Montérégie,"650, rue Montbrun",Boucherville,J4B 8G9,"(450) 641-0312, poste 22",,hrichard@cachealeau.com,GARD,51,5,CR,,1
AU COEUR DE LA VILLE,16 - Montérégie,"2101, boulevard Lapinière",Brossard,J4W 1L7,"(450) 658-1011, poste 221",,cpemarie@videotron.ca,CPE,60,10,CR,,1
AU PIED DE L'ÉCHELLE (BAOBAB),16 - Montérégie,"2200, rue André",Brossard,J4Z 2Z8,"(450) 678-4812, poste 221",(450) 656-5547,m.martin@apde.ca,CPE,80,10,CR,,1
AU PIED DE L'ÉCHELLE (LES COCOTIERS),16 - Montérégie,"4955, boulevard Grande-Allée",Brossard,J4Z 3G1,"(450) 678-4812, poste 221",(450) 462-9886,ml.turmel@apde.ca,CPE,80,10,CR,,1
AU PIED DE L'ÉCHELLE (LES OLIVIERS),16 - Montérégie,"4205, boulevard Rome",Brossard,J4Y 0A9,"(450) 678-4812, poste 221",(450) 676-3858,j.normandin@apde.ca,CPE,80,10,CR,,1
CENTRE DE JOUR DE BROSSARD,16 - Montérégie,"2405, boulevard Lapinière, bureau B",Brossard,J4Z 2K8,(450) 656-0330,,centredejour0330@gmail.com,GARD,71,13,CR,,1
CENTRE DE LA PETITE ENFANCE SES AMIS,16 - Montérégie,"2165, rue André",Brossard,J4Z 2Z7,(450) 676-2024,(450) 676-2024,julie@cpesesamis.ca,CPE,60,0,CR,,1
CENTRE DE LA PETITE ENFANCE TOUT DOUX,16 - Montérégie,"3605, avenue Cousin",Brossard,J4Z 3V3,(450) 445-0001,(450) 445-0027,info@cpetoutdoux.ca,CPE,80,10,CR,,1
CENTRE DE LA PETITE ENFANCE TOUT DOUX,16 - Montérégie,"3605B, avenue Cousin",Brossard,J4Z 3V3,(450) 445-0001,,,CPE,80,15,CR,,1
GARDERIE AUX PETITES BICHES INC.,16 - Montérégie,"2590, rue Molière",Brossard,J4Y 1L5,(450) 656-1000,(450) 678-3320,gapb@videotron.ca,GARD,80,0,CR,,1
GARDERIE BIA MEL II INC.,16 - Montérégie,"7900, boulevard Taschereau, bureau D103",Brossard,J4X 1C2,(450) 465-2900,(450) 465-2933,Bianca@garderiesbiamel.com,GARD,41,0,,,1
GARDERIE BIA MEL IV INC.,16 - Montérégie,"8005, boulevard du Quartier, C4B, local 201",Brossard,J4Y 0N5,(450) 465-2900,(450) 465-2933,Bianca@garderiesbiamel.com,GARD,80,10,,,1
GARDERIE BRICOLE-AGE INC.,16 - Montérégie,"60-5645, boulevard Grande-Allée",Brossard,J4Z 3G3,(450) 443-3300,(450) 443-3307,info@garderiebricole-age.com,GARD,80,10,,,1
GARDERIE IMAGINATION PRE-SCHOOL DIX30,16 - Montérégie,"7200, boulevard du Quartier, suite 200",Brossard,J4Y 0B5,(450) 904-7200,,andrea.peplow@garderie-imagination.com,GARD,80,15,,,1
GARDERIE LE CHÂTEAU DE RÊVE INC.,16 - Montérégie,"8075, boulevard Taschereau",Brossard,J4Y 1A4,(450) 676-4600,,garderiechateaudereve@bellnet.ca,GARD,100,11,CR,,1
GARDERIE LES CANARIES - CANARIES DAYCARE CENTER,16 - Montérégie,"3140, boulevard Rome",Brossard,J4Y 1V9,(450) 445-4443,(450) 445-3031,info@garderielescanaries.com,GARD,80,25,CR,,1
GARDERIE LES MOMENTS MAGIQUES INC.,16 - Montérégie,"2148, boulevard Lapinière",Brossard,J4W 1L8,(450) 656-5055,,info@lesmomentsmagiques.com,GARD,80,15,CR,,1
GARDERIE LES PETITS OURSONS,16 - Montérégie,"3700, boulevard Matte, bureau 3730",Brossard,J4Y 2Z2,(450) 444-4779,(450) 444-4984,petits.oursons@hotmail.com,GARD,75,29,,,1
GARDERIE LES PETITS TRÉSORS,16 - Montérégie,"1555, boul. Provencher, local 203",Brossard,J4W 1Z3,(450) 550-3881,,petitstresorsbrossard@gmail.com,GARD,71,10,,,1
GARDERIE PETITS ANGES DE BROSSARD,16 - Montérégie,"4095, chemin des Prairies, locaux A-B-C",Brossard,J4Z 3H8,(450) 444-4222,(450) 444-0094,petitsangesdebrossard@bellnet.ca,GARD,80,10,,,1
GARDERIE PETITS ANGES DE BROSSARD 2,16 - Montérégie,"4095, chemin des Prairies, local D",Brossard,J4Z 3H8,"(450) 444-4222, poste 2",,petitsangesdebrossard@bellnet.ca,GARD,32,0,,,1
GARDERIE PIERRE LAPIN,16 - Montérégie,"2460, boulevard Lapinière",Brossard,J4Z 2L8,(514) 804-0222,,garderie.pierrelapin@gmail.com,GARD,48,10,,,1
GARDERIE ROYA 1 INC.,16 - Montérégie,"6205, boulevard Grande-Allée",Brossard,J4Z 3K1,(450) 656-6473,(450) 656-7997,garderies.roya@gmail.com,GARD,80,0,CR,,
GARDERIE ROYA 2 INC.,16 - Montérégie,"6205 A, boulevard Grande-Allée",Brossard,J4Z 3K1,(450) 462-2010,(450) 656-7997,garderies.roya@gmail.com,GARD,80,10,,,1
GARDERIE ÉDUCATIVE L'îLE DES PINGOUINS INC.,16 - Montérégie,"3200, boulevard Rome, suite 1, 2 et 3",Brossard,J4Y 1V9,(450) 445-9999,,liledespingouins@gmail.com,GARD,73,15,,,1
GARDERIE ÉDUCATIVE LE TOURNESOL DE BROSSARD INC.,16 - Montérégie,"415, avenue Van Dyck",Brossard,J4W 2E4,(450) 672-5530,,garderieletournesol@videotron.ca,GARD,80,0,CR,,1
GARDERIE ÉDUCATIVE LES BELLES FRIMOUSSES,16 - Montérégie,"5665, Grande-Allée",Brossard,J4Z 3G3,,,bfrimousses@gmail.com,GARD,42,10,,,1
GARDERIE ÉDUCATIVE MINI PEGASE INC.,16 - Montérégie,"9105, boulevard Tashereau, bureau A",Brossard,J4Y 3B8,(450) 695-3003,(450) 695-1413,garderieminipegase@gmail.com,GARD,80,20,,,1
GROS CALIN NURSERY,16 - Montérégie,"621, avenue Stravinski, suite 400",Brossard,J4X 1Y7,(450) 300-0439,,groscalin15@gmail.com,GARD,33,9,,,1
JARDIN DES PETITS AMIS,16 - Montérégie,"7595, rue Malherbe",Brossard,J4Y 1E6,(450) 676-4816,,jardin-des-petits-amis@videotron.ca,GARD,30,0,CR,,1
LA BERGERIE CENTRE DE LA PETITE ENFANCE,16 - Montérégie,"2760, avenue Barry",Brossard,J4Z 1T6,(450) 678-4990,,cpelabergerie@outlook.com,CPE,44,10,CR,,1
LA PETITE ACADÉMIE MARIE-LAURIER (CAMPUS BROSSARD) INC.,16 - Montérégie,"1555, rue Stravinski, suite 3B",Brossard,J4X 2H5,(450) 923-2787,(450) 923-2291,academie@marielaurier.com,GARD,75,0,,,1
LA PETITE ACADÉMIE MARIE-LAURIER (PLACE EUREKA) INC.,16 - Montérégie,"7305, boulevard Marie-Victorin, bureau 100",Brossard,J4W 1A6,(450) 923-2787,(450) 923-2291,academie@marielaurier.com,GARD,60,10,CR,,1
LA PETITE ACADÉMIE MARIE-LAURIER INC.,16 - Montérégie,"1555, rue Stravinski, bureau 2B",Brossard,J4X 2H5,,,academie@marielaurier.com,GARD,80,10,CR,,1
LA PETITE ÉCOLE DE BROSSARD,16 - Montérégie,"601, avenue Stravinski",Brossard,J4X 1Y7,(450) 465-4588,(450) 466-1248,stripodi@videotron.ca,GARD,80,15,CR,,1
LES HEUREUX PETITS DAUPHINS BROSSARD,16 - Montérégie,"6825, boulevard Milan",Brossard,J4Z 2B5,(514) 550-8601,,garderiepetitapetit@hotmail.com,GARD,80,10,,,1
LES TRÉSORS DE BIA MEL INC.,16 - Montérégie,"7900, boulevard Taschereau, porte D-105",Brossard,J4X 1C2,(450) 465-2900,(450) 465-2933,Bianca@garderiesbiamel.com,GARD,78,18,,,1
LES TRÉSORS DE LA MÈRE M.E.C. INC.,16 - Montérégie,"830, boulevard Provencher",Brossard,J4W 1Y6,(579) 720-6777,,lestresorsdelamere@gmail.com,GARD,80,20,,,1
CENTRE DE LA PETITE ENFANCE KATERI INC.,16 - Montérégie,"6, chemin Saint-François-Xavier",Candiac,J5R 1A2,(450) 632-4855,(450) 632-8643,cpekateridg@videotron.ca,CPE,65,5,CR,,1
CENTRE DE LA PETITE ENFANCE KATERI INC.,16 - Montérégie,"9, chemin Saint-François-Xavier",Candiac,J5R 1A1,(450) 444-7155,(450) 444-0164,cpekateridg@videotron.ca,CPE,62,10,CR,,1
GARDERIE KINDERVILLE TM DE CANDIAC III,16 - Montérégie,"151B, boulevard Jean-Leman",Candiac,J5R 4V5,(450) 619-0101,(450) 923-2291,academie@marielaurier.com,GARD,73,0,,,1
GARDERIE LA JOYEUSE MARMAILLE,16 - Montérégie,"20, rue Charlemagne",Candiac,J5R 6P7,(450) 619-7838,(450) 619-7839,garderiecandiac2@hotmail.com,GARD,80,0,CR,,1
GARDERIE LES MINIS TOUCHE À TOUT DE CANDIAC,16 - Montérégie,"31, rue Radisson",Candiac,J5R 0G1,"(450) 638-6954, poste 201",(450) 632-6954,garderie.mini.tat@gmail.com,GARD,72,0,,,1
GARDERIE LES PETITS TOUCHE À TOUT DE CANDIAC,16 - Montérégie,"41, rue Radisson",Candiac,J5R 0G1,"(450) 638-6954, poste 201",(450) 638-6954,garderie.mini.tat@gmail.com,GARD,64,15,CR,,1
GARDERIE STAR CANDIAC,16 - Montérégie,"30, avenue Charlemagne",Candiac,J5R 6P7,(450) 444-2523,,garderiestardaycare@gmail.com,GARD,80,15,CR,,1
INSTALLATION LA PETITE SOURIS VERTE,16 - Montérégie,"25, chemin Haendel",Candiac,J5R 1R7,"(450) 635-5266, poste 203",(450) 635-5144,abittencourt.cpedg@cpelespetitessouris.com,CPE,80,15,CR,,1
LES PETITS SOLEILS D'ISABELLE,16 - Montérégie,"150, boulevard Jean-Leman, suite 600",Candiac,J5R 5E1,(450) 907-7717,,iverdon@lespetitssoleilsdisabelle.ca,GARD,80,14,,,1
LES PETITS SOLEILS D'ISABELLE II,16 - Montérégie,"150, boulevard Jean-Leman, suite 400",Candiac,J5R 5E1,(450) 907-7717,,lespetitssoleilsdisabelle@videotron.ca,GARD,13,0,,,1
"CENTRE DE LA PETITE ENFANCE ""PLAISIR D'ENFANT""",16 - Montérégie,"2872, rue Lareau",Carignan,J3L 0K5,(450) 658-1011,,dgplaisirdenfant@gmail.com,CPE,62,10,CR,,1
"CENTRE DE LA PETITE ENFANCE ""PLAISIR D'ENFANT""",16 - Montérégie,"1860, rue Henriette",Carignan,J3L 6V5,,,dgplaisirdenfant@gmail.com,CPE,78,20,CR,,1
GARDERIE COUCOU CARIBOU INC.,16 - Montérégie,"2379, chemin Chambly",Carignan,J3L 4N4,(450) 403-1850,,garderie.coucoucaribou@gmail.com,GARD,80,20,CR,,1
ACADÉMIE PRÉSCOLAIRE ARTISTIQUE ILDIKO,16 - Montérégie,"1890, boulevard Anne-Le Seigneur",Chambly,J3L 0H9,"(450) 403-3960, poste 102",,administration@academieildiko.ca,GARD,80,15,,,1
C.P.E. LES FRIMOUSSES DU FORT,16 - Montérégie,"1484, boulevard Brassard",Chambly,J3L 5W3,(450) 658-3941,,cpefrimousses@videotron.ca,CPE,60,10,CR,,1
C.P.E. LES FRIMOUSSES DU FORT,16 - Montérégie,"1484, boulevard Brassard",Chambly,J3L 5W3,(450) 658-3941,,cpefrimousses@videotron.ca,CPE,60,0,CR,,1
CENTRE DE LA PETITE ENFANCE LA BOÎTE À SOLEIL,16 - Montérégie,"1160, rue Denault",Chambly,J3L 2T9,(450) 658-0055,,nathaliecharbonneau.cpe@outlook.com,CPE,74,5,CR,,1
CHEZ PIERROT ET PIERRETTE,16 - Montérégie,"666, rue Larivière",Chambly,J3L 1L3,(450) 447-9973,,garderiepierrotetpierrette@hotmail.com,GARD,80,10,CR,,1
FRANQUETTE LA GRENOUILLE,16 - Montérégie,"1476, boulevard Franquet",Chambly,J3L 6K8,(450) 447-1116,(450) 447-1197,direction@franzoo.ca,CPE,80,10,CR,,1
GARDERIE ÉDUCATIVE LE VIREVENT INC.,16 - Montérégie,"2120, avenue Bourgogne",Chambly,J3L 1Z7,(450) 403-6061,(450) 403-6062,julie@garderievirevent.com,GARD,42,0,,,1
GARDERIE ÉDUCATIVE LES MEILLEURS AMIS INC.,16 - Montérégie,"2274, avenue Bourgogne",Chambly,J3L 2A2,(438) 498-7822,,,GARD,80,15,,,1
GARDERIE ÉDUCATIVE LES MEILLEURS AMIS INSTALLATION 2 INC.,16 - Montérégie,"1226, avenue Bourgogne",Chambly,J3L 1X4,(450) 403-0541,,brigitte@garderiemeilleursamis.ca,GARD,31,5,,,1
L'ENFANT ZOO,16 - Montérégie,"3000, rue Anne-Leseigneur",Chambly,J3L 6H6,(450) 658-1633,(450) 658-6113,,CPE,70,10,CR,,1
À CHACUN SON HISTOIRE - CHAMBLY,16 - Montérégie,"1811, boul. de Perigny",Chambly,J3L 4C3,(450) 403-3123,,aurelie@achacunsonhistoire.com,GARD,80,10,,,1
CENTRE DE LA PETITE ENFANCE CACHALOT INC.,16 - Montérégie,"202, boulevard Brisebois",Châteauguay,J6K 5G7,(450) 699-2581,,direction@cpecachalot.com,CPE,80,10,CR,,1
CENTRE DE LA PETITE ENFANCE CACHALOT INC.,16 - Montérégie,"202, boulevard Brisebois",Châteauguay,J6K 5G7,(450) 699-2581,(450) 699-6743,direction@cpecachalot.com,CPE,8,0,CR,,1
"CENTRE DE LA PETITE ENFANCE LES LUTINS, COOP DE CHÂTEAUGUAY",16 - Montérégie,"105, rue Saint-Eugène",Châteauguay,J6K 1Y9,(450) 691-8287,(450) 699-3565,cpelutins.direction@outlook.com,CPE,60,5,CR,,1
CENTRE DE LA PETITE ENFANCE MAMIE SOLEIL,16 - Montérégie,"325, boulevard Kennedy",Châteauguay,J6K 4S5,(450) 699-9886,(450) 699-3895,cpe@mamiesoleil.ca,CPE,80,15,CR,,1
CENTRE DE LA PETITE ENFANCE MAMIE-SOLEIL,16 - Montérégie,"323, boulevard Kennedy",Châteauguay,J6K 4S5,(450) 699-9886,(450) 699-3895,cpe@mamiesoleil.ca,CPE,60,10,CR,,1
CENTRE DE LA PETITE ENFANCE TAM-TAM,16 - Montérégie,"130, boulevard Primeau",Châteauguay,J6K 3T6,(450) 699-0962,(450) 699-1266,zelia.rodrigues@cpetamtam.ca,CPE,80,20,CR,,1
CENTRE DE LA PETITE ENFANCE TAM-TAM,16 - Montérégie,"245, rue Principale",Châteauguay,J6K 1G3,,,,CPE,80,10,CR,,1
GARDERIE DIANA INC.,16 - Montérégie,"221, boulevard Saint-Jean-Baptiste",Châteauguay,J6K 3B9,(450) 699-1942,,cecilehujh@gmail.com,GARD,80,10,CR,,1
GARDERIE LE NID D'OISEAU,16 - Montérégie,"192, rue Principale",Châteauguay,J6J 3H2,(450) 691-7083,(450) 691-1653,ram_singh120@hotmail.com,GARD,80,0,CR,,1
GARDERIE NOTRE FUTUR,16 - Montérégie,"435, boulevard Saint-Francis",Châteauguay,J6J 1Z6,(514) 812-6315,(514) 228-3892,garderienotrefutur@outlook.com,GARD,61,10,,,1
GARDERIKIRI,16 - Montérégie,"100, rue Kepler, bureaux 5-6",Châteauguay,J6K 5E4,(514) 910-7544,,carrolllepage@gmail.com,GARD,62,10,,,1
LA FORÊT ENCHANTÉE,16 - Montérégie,"262, boulevard Albert-Einstein",Châteauguay,J6K 0A2,(450) 691-6354,,direction@cpelesgnomes.com,CPE,62,15,CR,,1
LE CHÂTEAU DES ADORABLES,16 - Montérégie,"241, boulevard Maple",Châteauguay,J6J 5J4,,,,CPE,80,5,CR,,1
LE JARDIN DES TRÉSORS,16 - Montérégie,"262A, boulevard Albert-Einstein",Châteauguay,J6K 0A2,,,direction@cpelesgnomes.com,CPE,41,5,CR,,1
LES PETITS LAPINS 1,16 - Montérégie,"218, boulevard-Saint-Jean-Baptiste, bureau 101",Châteauguay,J6K 3B8,(450) 844-8880,,chrissy_1481@hotmail.com,GARD,80,20,,,1
LES PETITS LAPINS 2,16 - Montérégie,"218, boulevard Saint-Jean-Baptiste, bureau 201",Châteauguay,J6K 3B8,(450) 844-8880,,lespetitslapins@hotmail.com,GARD,80,10,,,1
ZOOKAKOU INC.,16 - Montérégie,"35D, boulevard d'Anjou",Châteauguay,J6J 2P7,(450) 699-7726,,kamounbassem@hotmail.com,GARD,75,15,,,1
C.P.E. PETIT À PETIT,16 - Montérégie,"4570, rue L'Heureux",Contrecoeur,J0L 1C0,(450) 587-7051,,,CPE,57,5,CR,,1
C.P.E. PETIT À PETIT,16 - Montérégie,"1550, rue des Saules",Contrecoeur,J0L 1C0,(450) 587-7051,,cpepetitapetit@videotron.ca,CPE,62,10,CR,,1
GARDERIE LE PETIT MONDE DE CONTRECOEUR,16 - Montérégie,"4840, rue des Ormes",Contrecoeur,J0L 1C0,,,lepetitmondedecontrecoeur@tlb.sympatico.ca,GARD,80,10,CR,,1
"COIN DES LUTINS, COTEAU DU LAC INC.",16 - Montérégie,"335, chemin du Fleuve",Coteau-du-Lac,J0P 1B0,(450) 763-5387,(450) 308-3309,info@coindeslutins.com,GARD,100,15,CR,,0
"COIN DES LUTINS, COTEAU-DU-LAC II INC.",16 - Montérégie,"170, rue de Beaujeu",Coteau-du-Lac,J0P 1B0,(450) 308-3308,(450) 308-3309,info@coindeslutins.com,GARD,100,25,CR,,0
GARDERIE ÉDUCATIVE LE CERF-VOLANT INC.,16 - Montérégie,"107, rue Théophile-Brassard",Coteau-du-Lac,J0P 1B0,(450) 913-0118,,direction@garderiecerfvolant.com,GARD,51,10,,,0
"CENTRE DE LA PETITE ENFANCE LES CHÉRUBINS, INC.",16 - Montérégie,"1, montée des Bouleaux",Delson,J5B 1L1,(450) 632-3581,(450) 632-2289,cherubins@videotron.ca,CPE,80,10,CR,,1
GARDERIE DES MOTS MAGIQUES INC.,16 - Montérégie,"66, route 132, local 240",Delson,J5B 0A1,(450) 638-1333,,desmotsmagiques@gmail.com,GARD,70,10,CR,,1
LES DOUX CHATONS,16 - Montérégie,"67C, boulevard Georges-Gagné sud",Delson,J5B 1L1,(450) 509-0765,,lesdouxchatons@hotmail.ca,GARD,33,0,,,1
À CHACUN SON HISTOIRE - DELSON INC.,16 - Montérégie,"35, boulevard Georges-Gagné S",Delson,J5B 2E4,(514) 883-5276,,sophie@achacunsonhistoire.com,GARD,80,10,,,1
LES PETITES POMMES,16 - Montérégie,"2650, rue du Parc",Franklin,J0S 1N0,(450) 827-2667,(450) 827-2511,direction@cpeabracadabra.com,CPE,62,10,CR,,0
SERVICE DE GARDE HAUT COMME TROIS POMMES (DIVISION LEAHY INC.),16 - Montérégie,"2620, route 209",Franklin,J0S 1N0,"(450) 827-2544, poste 312",(450) 827-2470,servicedegarde@vergersleahy.com,GARD,43,10,,,0
"CENTRE DE LA PETITE ENFANCE ""LA MAGIE ROSE"" INC.",16 - Montérégie,"3144, boulevard Taschereau",Greenfield Park,J4V 2H1,(450) 465-4724,,cpelamagierose@bellnet.ca,CPE,54,5,CR,,1
CENTRE DE LA PETITE ENFANCE LA PETITE ÉCOLE,16 - Montérégie,"324, rue Hubert",Greenfield Park,J4V 1S2,(450) 465-0800,,cpelapetiteecole@videotron.ca,CPE,60,0,CR,,1
GARDERIE CHEZ ROLANDE INC.,16 - Montérégie,"644, rue Laurie",Greenfield Park,J4V 2A6,(450) 466-0788,,mariannemzq@gmail.com,GARD,55,15,CR,,1
GARDERIE EDUCATIVE CERCLE DE JOIE,16 - Montérégie,"3141, boulevard Taschereau",Greenfield Park,J4V 2H2,(514) 585-6134,,cerclenfant@hotmail.com,GARD,78,10,,,1
GARDERIE EDUCATIVE LA MAISON DES ENFANTS,16 - Montérégie,"301-277, boulevard Churchill",Greenfield Park,J4V 2M8,(514) 294-5743,(450) 672-7520,hasanreza7@gmail.com,GARD,60,0,,,1
GARDERIE ET JARDIN D'ENFANTS MONTESSORI INC.,16 - Montérégie,"793, rue Campbell",Greenfield Park,J4V 1Y8,(450) 671-9231,,garderiemontessorigfp@gmail.com,GARD,51,0,CR,,1
GARDERIE LE MONDE DES ENFANTS MONTESSORI INC.,16 - Montérégie,"1984, avenue Victoria",Greenfield Park,J4V 1M6,(450) 672-7523,(450) 672-7520,garderielemonde@gmail.com,GARD,60,0,,,1
GARDERIE LES ZAMIDOUX INC.,16 - Montérégie,"41, boulevard Churchill",Greenfield Park,J4V 2L8,(450) 465-0057,,zamidoux@hotmail.com,GARD,47,0,,,1
GARDERIE P'TITS RUBIS INC.,16 - Montérégie,"508, rue Bellevue",Greenfield Park,J4V 0A1,(450) 656-2525,(450) 656-5958,ptitsrubisgarderie@bellnet.ca,GARD,80,0,CR,,1
LA BOURGEONNIÈRE CENTRE DE LA PETITE ENFANCE,16 - Montérégie,"1670-1672, rue Victoria",Greenfield Park,J4V 1M3,(450) 671-9937,,direction@cpebourgeonniere.com,CPE,63,15,CR,,1
LA POUSSINIÈRE CENTRE DE LA PETITE ENFANCE,16 - Montérégie,"611, rue Massena",Greenfield Park,J4V 1E3,(450) 656-3000,,cpelapoussiniere@videotron.ca,CPE,35,9,CR,,1
BLÉ D'ENFANTS,16 - Montérégie,"542, avenue Goyette",Hemmingford,J0L 1H0,(450) 247-0444,(450) 247-2729,dg@cpejeunespousses.ca,CPE,47,5,CR,,0
CENTRE DE LA PETITE ENFANCE LA P'TITE CABOCHE,16 - Montérégie,"206, rue Champagnat",Henryville,J0J 1E0,(450) 299-1144,(450) 299-1144,manon.poirier@cpecaboche.com,CPE,31,5,CR,,0
CENTRE DE LA PETITE ENFANCE KALÉIDOSCOPE CHILD CARE CENTER,16 - Montérégie,"1725, chemin Fairview",Hinchinbrooke,J0S 1H0,(450) 264-4390,(450) 264-6561,mcrete@cpekaleidoscope.com,CPE,78,10,CR,,0
CENTRE DE LA PETITE ENFANCE MAISON DANS L'ARBRE,16 - Montérégie,"416, rue Main",Hudson,J0P 1H0,(450) 458-2334,(450) 458-2334,cpetreehouse@videotron.ca,CPE,68,5,CR,,1
GARDERIE ENTRE DEUX-MONTAGNES,16 - Montérégie,"33, rue Wharf",Hudson,J0P 1H0,(450) 458-2171,,garderie.hudson@gmail.com,GARD,73,15,CR,,1
CENTRE ENFANCE ET FAMILLE DE STEP BY STEP / STEP BY STEP CHILD AND FAMILY CENTER,16 - Montérégie,",   C.P. 771",Kahnawake,J0L 1B0,(450) 632-4813,,natalie.beauvais@stepxstep.ca,CPE,80,0,CR,,1
CENTRE ENFANCE ET FAMILLE DE STEP BY STEP / STEP BY STEP CHILD AND FAMILY CENTER,16 - Montérégie,",   C.P. 771",Kahnawake,J0L 1B0,,,natalie.beauvais@stepxstep.ca,CPE,80,0,CR,,1
CENTRE ENFANCE ET FAMILLE DE STEP BY STEP / STEP BY STEP CHILD AND FAMILY CENTER,16 - Montérégie,",   C.P. 771",Kahnawake,J0L 1B0,,,natalie.beauvais@stepxstep.ca,CPE,20,0,CR,,1
GARDERIE DANDIE,16 - Montérégie,"189, Grand Boulevard",L'Île-Perrot,J7V 4W9,(514) 626-3576,,Guitelaine@hotmail.com,GARD,79,15,,,1
GARDERIE LE COIN DES MARMOTS INC.,16 - Montérégie,"192, 7 ieme Avenue, suite 200",L'Île-Perrot,J7V 4T4,(514) 447-4084,,info@lecoindesmarmots.com,GARD,80,20,CR,,1
GARDERIE LES ENFANTS DE L'ÎLE II INC.,16 - Montérégie,"239, Grand Boulevard",L'Île-Perrot,J7V 4W9,(514) 453-4411,(514) 453-4411,garderielesenfantsdelile@videotron.ca,GARD,46,0,CR,,1
GARDERIE LES PETITES ABEILLES DE L'ÎLE,16 - Montérégie,"46-475, Grand Boulevard",L'Île-Perrot,J7V 4X4,(514) 425-4998,(514) 425-1757,garderiepetitesabeilles@hotmail.com,GARD,75,15,,,1
GARDERIE TAMALEY ENR.,16 - Montérégie,"40, rue Lucien-Manning",L'Île-Perrot,J7V 8V6,(514) 453-1942,,garderietamaley@gmail.com,GARD,80,5,CR,,1
GARDERIE ÉDUCATERRE,16 - Montérégie,"109, boulevard Perrot",L'Île-Perrot,J7V 3G3,(514) 902-8889,(514) 425-1755,info@educaterre.com,GARD,80,15,,,1
LES ENFANTS DE L'ILE,16 - Montérégie,"131, boulevard Perrot",L'Île-Perrot,J7V 3G3,(514) 453-4411,(514) 453-4411,garderielesenfantsdelile@videotron.ca,GARD,80,10,CR,,1
A CHACUN SON HISTOIRE - LA PRAIRIE INC.,16 - Montérégie,"160-950, boulevard des Prés Verts",La Prairie,J5R 0R3,(514) 885-8158,,fatima@achacunsonhistoire.com,GARD,80,10,,,1
ACADÉMIE PRÉSCOLAIRE KRÉATIVE KIDZ,16 - Montérégie,"1085, chemin Saint-Jean",La Prairie,J5R 2L6,(450) 619-7205,(450) 619-0826,info@apkk.ca,GARD,80,15,,,1
AU COIN DES PIERROTS,16 - Montérégie,"1045, chemin de Saint-Jean",La Prairie,J5R 2L6,(450) 444-2474,(450) 444-2474,garderieaucoindespierrots@gmail.com,GARD,52,10,,,1
CENTRE DE LA PETITE ENFANCE LA PRAIRIE,16 - Montérégie,"1000, rue des Tulipes",La Prairie,J5R 5W1,(450) 444-1186,(450) 444-3667,direction@cpelaprairie.ca,CPE,62,10,CR,,1
CENTRE DE LA PETITE ENFANCE LA PRAIRIE,16 - Montérégie,"725, boulevard de Palerme",La Prairie,J5R 6B2,(450) 659-6600,(450) 659-6110,direction@cpelaprairie.ca,CPE,80,10,CR,,1
CENTRE DE LA PETITE ENFANCE LA PRAIRIE,16 - Montérégie,"225, rue des Mésanges",La Prairie,J5R 5W3,,,direction@cpelaprairie.ca,CPE,60,20,CR,,1
CENTRE DE LA PETITE ENFANCE MON MONDE À MOI,16 - Montérégie,"210, rue du Vice-Roi",La Prairie,J5R 0T2,,,cpemonmondeamoi@videotron.ca,CPE,80,10,CR,,1
GARDERIE ALADIN,16 - Montérégie,"337, boulevard Taschereau",La Prairie,J5R 1T4,(450) 659-7233,(450) 659-7809,garderiealadin@videotron.ca,GARD,30,0,CR,,1
GARDERIE BRIN DE GÉNIE,16 - Montérégie,"540-544, chemin Saint-Jean",La Prairie,J5R 2L1,(450) 907-1919,,garderiebrindegenie@hotmail.com,GARD,80,20,,,1
GARDERIE IMAGINACTION,16 - Montérégie,"1000, boulevard Taschereau",La Prairie,J5R 1W6,(450) 444-7770,,humaira@garderieimaginaction.com,GARD,80,20,,,1
GARDERIE JOUER C'EST MAGIQUE INC.,16 - Montérégie,"995, chemin de Saint-Jean",La Prairie,J5R 2L6,(450) 984-2007,,info@garderiejouercestmagique.com,GARD,34,9,CR,,1
GARDERIE L'OCEAN BLEU 2,16 - Montérégie,"30, boulevard Taschereau, suite 211B",La Prairie,J5R 5H7,(514) 583-4335,,garderieloceanbleu@gmail.com,GARD,36,0,,,1
GARDERIE L'OCÉAN BLEU,16 - Montérégie,"30, boul. Taschereau, bureau 211",La Prairie,J5R 5H7,(450) 619-2666,(450) 619-7562,garderieloceanbleu@gmail.com,GARD,78,20,,,1
GARDERIE LES MILLE ET UN PLAISIRS,16 - Montérégie,"751, chemin de Saint-Jean",La Prairie,J5R 4S7,(450) 444-5499,(450) 444-3236,LMP.ming2021@gmail.com,GARD,80,5,CR,,1
INSTALLATION LA MAISON DES BAMBINS,16 - Montérégie,"273, rue Charles-Péguy Ouest",La Prairie,J5R 3E6,(450) 659-4328,,abittencourt.cpedg@cpelespetitessouris.com,CPE,57,5,CR,,1
LA GARDERIE LA MAGIE DES CALINOURS INC.,16 - Montérégie,"845, chemin de Saint-Jean",La Prairie,J5R 5E6,(514) 998-9289,,info@garderiecalinours.com,GARD,43,15,,,1
LE SOLEIL EN SOI ENR.,16 - Montérégie,"186, rue Saint-Georges",La Prairie,J5R 2M4,(450) 659-3030,(450) 659-3030,alainbay@sympatico.ca,GARD,41,0,CR,,1
LES HEUREUX PETITS DAUPHINS 2,16 - Montérégie,"995, rue Cloutier",La Prairie,J5R 1H9,(450) 670-7519,,petitsdauphins2@hotmail.com,GARD,80,10,,,1
LES PETITS PINSONS,16 - Montérégie,"1255, chemin Saint-José",La Prairie,J5R 6A9,(450) 619-7590,(450) 619-0732,dmyang99@hotmail.com,GARD,80,20,CR,,1
CENTRE DE LA PETITE ENFANCE PLUS GRAND QUE NATURE,16 - Montérégie,"910, rue Principale",La Présentation,J0H 1B0,,,dg@cpenature.com,CPE,60,10,CR,,0
C.P.E. LE PETIT MONDE DE CALIMÉRO INC.,16 - Montérégie,"8, rue Landry",Lacolle,J0J 1J0,"(450) 346-6626, poste 4024",(450) 346-4915,isabelle.brodeur@cpecalimero.com,CPE,60,10,CR,,0
CENTRE DE LA PETITE ENFANCE DE BLOC EN BLOC,16 - Montérégie,"1554, rue Saint-Gérald",LeMoyne,J4P 2E4,(450) 671-4141,(450) 671-5546,direction@cpedeblocenbloc.com,CPE,38,5,CR,,1
CENTRE DE LA PETITE ENFANCEDE BLOC EN BLOC,16 - Montérégie,"1900, rue Saint-Georges, bureau 101",LeMoyne,J4P 3J4,(450) 671-6444,,direction@cpedeblocenbloc.com,CPE,26,10,CR,,1
GARDERIE FOOT PRINTS RKSG INC.,16 - Montérégie,"216, rue Saint-Louis",LeMoyne,J4A 2L6,(450) 761-0010,,garderie_footprints@hotmail.ca,GARD,56,14,,,1
"GARDERIE LES COUCOUS DE L'ENVOL, INC.",16 - Montérégie,"1544, rue de l'Église",LeMoyne,J4P 2C6,,,jlivernoche@lenvol.org,GARD,20,10,CR,,1
LA MAISON DES ENFANTS MONTESSORI DE TASCHEREAU,16 - Montérégie,"1908-1910, boulevard Taschereau",LeMoyne,J4P 3N2,(514) 513-8331,,taschereau.montessori@gmail.com,GARD,50,10,,,1
CENTRE DE LA PETITE ENFANCE SOULANGES,16 - Montérégie,"180, route 338",Les Coteaux,J7X 1A2,(450) 267-4968,,direction.cpe@cpesoulanges.com,CPE,80,20,CR,,0
CENTRE DE LA PETITE ENFANCE SOULANGES -INSTALLATION LES COTEAUX,16 - Montérégie,"15, rue de la Gazonnière",Les Coteaux,J7X 1A2,(450) 267-4968,(450) 267-7711,sylvie.imbeault@cpesoulanges.com,CPE,80,20,CR,,0
CHÂTEAU DES PETITS PAS INC.,16 - Montérégie,"42-46, route 338",Les Coteaux,J7X 1A2,(450) 217-1919,,jen.bernard@hotmail.com,GARD,45,5,,,0
GARDERIE DES ENFANTS CHOUETTES,16 - Montérégie,"202, chemin Saint-Féréol",Les Cèdres,J7T 1J3,(450) 452-2105,,parents.enfantschouettes@yahoo.ca,GARD,80,10,CR,,1
ACADÉMIE M. GIBEAU INC.,16 - Montérégie,"1085, rue Champlain",Longueuil,J4K 2R2,(450) 332-9911,,stephaniepreville@hotmail.com,GARD,78,0,,,1
"C.P.E. DU QUARTIER(INSTALLATION AUX QUATRE SOLEILS, JOLIETTE)",16 - Montérégie,"838, rue Joliette",Longueuil,J4K 4V6,,,,CPE,55,5,CR,,1
"C.P.E. DU QUARTIER(INSTALLATION AUX QUATRE SOLEILS, STE-FOY)",16 - Montérégie,"485, boulevard Sainte-Foy",Longueuil,J4J 1Y5,,,,CPE,60,10,CR,,1
C.P.E. DU QUARTIER(INSTALLATION DARVEAU),16 - Montérégie,"720, rue Darveau",Longueuil,J4L 4K3,(450) 651-4055,(450) 651-4055,cpeduquartier@bellnet.ca,CPE,79,10,CR,,1
CENTRE DE LA PETITE ENFANCE AUX MILLE JEUX,16 - Montérégie,"300, rue de Gentilly Est",Longueuil,J4H 4A4,(450) 677-8260,,info@auxmillejeux.com,CPE,62,10,CR,,1
CENTRE DE LA PETITE ENFANCE DE LONGUEUIL-EST,16 - Montérégie,"1465, terrasse Des Ormeaux",Longueuil,J4M 2B4,(450) 468-5123,,cpelongueuilest@bellnet.ca,CPE,47,0,CR,,1
CENTRE DE LA PETITE ENFANCE L'ATTRAIT MIGNON,16 - Montérégie,"275, rue Toulouse",Longueuil,J4L 4X1,"(450) 647-6543, poste 3",(450) 647-0400,cpe@attraitmignon.com,CPE,70,10,CR,,1
CENTRE DE LA PETITE ENFANCE L'ATTRAIT MIGNON,16 - Montérégie,"225, rue Toulouse",Longueuil,J4L 4X1,"(450) 647-6543, poste 3",(450) 647-0400,cpe@attraitmignon.com,CPE,80,20,CR,,1
CENTRE DE LA PETITE ENFANCE LA PETITE SEMENCE,16 - Montérégie,"2805, rue Sainte-Hélène",Longueuil,J4K 3V5,(450) 463-0274,,cpesemence.nobert@bellnet.ca,CPE,61,0,CR,,1
CENTRE DE LA PETITE ENFANCE LA PETITE SEMENCE,16 - Montérégie,"1450, rue Nobert",Longueuil,J4K 5H8,(450) 646-4720,(450) 646-7571,cpesemence.nobert@bellnet.ca,CPE,80,10,CR,,1
CENTRE DE LA PETITE ENFANCE LA PETITE SEMENCE,16 - Montérégie,"2255, rue Cartier",Longueuil,J4K 4E9,(450) 646-6733,(450) 646-7571,direction.cpesemence@bellnet.ca,CPE,13,5,CR,,1
CENTRE DE LA PETITE ENFANCE LE PETIT PAIN D'ÉPICE INC.,16 - Montérégie,"2022, rue Chamberland",Longueuil,J4J 4M2,"(450) 468-9837, poste 301",,lepaindepice@videotron.ca,CPE,80,0,CR,,1
CENTRE DE LA PETITE ENFANCE LE PETIT PAIN D'ÉPICE INC.,16 - Montérégie,"1990, rue Chamberland",Longueuil,J4J 4M2,"(450) 468-9837, poste 301",(450) 468-5757,,CPE,44,20,CR,,1
CENTRE DE LA PETITE ENFANCE LE PETIT PRINCE,16 - Montérégie,"520, rue Sainte-Hélène",Longueuil,J4K 3R2,(450) 677-1415,,direction@cpelepetitprince.org,CPE,78,10,CR,,1
CENTRE DE LA PETITE ENFANCE LES PETITS ADULTES,16 - Montérégie,"785, rue de Châteauguay",Longueuil,J4H 4E4,(450) 646-7533,,directiongenerale@petitsadultes.ca,CPE,70,10,CR,,1
CENTRE DE LA PETITE ENFANCE MON MONDE À MOI,16 - Montérégie,"2013, rue Brébeuf",Longueuil,J4J 3P6,"(450) 679-7642, poste 11",(450) 679-8274,cpemonmondeamoi@videotron.ca,CPE,80,10,CR,,1
CENTRE DE LA PETITE ENFANCE MON MONDE À MOI,16 - Montérégie,"2326, boulevard Marie-Victorin",Longueuil,J4G 1B4,(450) 670-1369,,cpemonmondeamoi@videotron.ca,CPE,40,5,CR,,1
"CENTRE DE LA PETITE ENFANCE PIERRE-BOUCHER, INSTALLATION CURÉ-POIRIER",16 - Montérégie,"1450, boulevard Curé-Poirier Est",Longueuil,J4J 5L6,(450) 463-2962,,jacynthe.dagenais@cpepierreboucher.com,CPE,80,10,CR,,1
"CENTRE DE LA PETITE ENFANCE PIERRE-BOUCHER, INSTALLATION JACQUES-CARTIER",16 - Montérégie,"1200, chemin du Tremblay",Longueuil,J4N 1A2,(450) 448-4004,(450) 448-5288,jacynthe.dagenais@cpepierreboucher.com,CPE,88,10,CR,,1
"CENTRE DE LA PETITE ENFANCE PIERRE-BOUCHER, INSTALLATION MARIE-VICTORIN",16 - Montérégie,"2070, boulevard Marie-Victorin",Longueuil,J4G 1A7,(450) 442-3359,(450) 442-2519,jacynthe.dagenais@cpepierreboucher.com,CPE,80,10,CR,,1
CENTRE DE LA PETITE ENFANCE PIERROT LA LUNE INC. INSTALLATION ARLEQUIN,16 - Montérégie,"1080, chemin du Coteau-Rouge",Longueuil,J4K 1W6,(450) 670-2336,(450) 670-2170,dg.pierrotlalune@cpepll.ca,CPE,80,10,CR,,1
CENTRE DE LA PETITE ENFANCE PIERROT LA LUNE INC. INSTALLATION COLOMBINE,16 - Montérégie,"920, boulevard Curé-Poirier Ouest",Longueuil,J4K 2C7,(450) 677-5696,(450) 677-5676,dg.pierrotlalune@cpepll.ca,CPE,51,5,CR,,1
CENTRE DE LA PETITE ENFANCE PIERROT LA LUNE INC. INSTALLATION PIERROT,16 - Montérégie,"1182, rue Daniel",Longueuil,J4J 3M7,(450) 679-8440,,dg.pierrotlalune@cpepll.ca,CPE,77,10,CR,,1
CENTRE DE LA PETITE ENFANCE PIERROT LA LUNE INC. INSTALLATION POLICHINELLE,16 - Montérégie,"269, chemin du Coteau-Rouge",Longueuil,J4J 1X2,(450) 670-8847,(450) 670-1757,dg.pierrotlalune@cpepll.ca,CPE,34,10,CR,,1
CENTRE DE LA PETITE ENFANCE PIERROT LA LUNE INC. INSTALLATION SCARAMOUCHE,16 - Montérégie,"2401, rue Gamache",Longueuil,J4L 1P4,(450) 332-6988,(450) 332-3908,dg.pierrotlalune@cpepll.ca,CPE,80,30,CR,,1
CENTRE DE LA PETITE ENFANCE POMME SOLEIL,16 - Montérégie,"2100, rue Lasalle",Longueuil,J4K 3J4,(450) 646-1775,(450) 677-8941,ibpommesoleil@bellnet.ca,CPE,62,10,CR,,1
CENTRE DE LA PETITE ENFANCE POMME SOLEIL,16 - Montérégie,"525, rue Adoncour",Longueuil,J4G 2M6,(450) 677-2308,,ibpommesoleil@bellnet.ca,CPE,60,0,CR,,1
CENTRE DE LA PETITE ENFANCE PRATT,16 - Montérégie,"550, rue Adoncour",Longueuil,J4G 2V1,(450) 442-1922,(450) 442-4765,,CPE,72,10,CR,,1
CENTRE DE LA PETITE ENFANCE PRATT,16 - Montérégie,"560, rue Adoncour",Longueuil,J4G 2V1,(450) 442-1922,(450) 442-3273,,CPE,80,10,CR,,1
CENTRE DE LA PETITE ENFANCE SES AMIS,16 - Montérégie,"625, rue Adoncour",Longueuil,J4G 2M6,(450) 651-6349,(450) 651-6349,julie@cpesesamis.ca,CPE,76,0,CR,,1
CENTRE DE LA PETITE ENFANCE: MA LICORNE,16 - Montérégie,"2165, rue Sainte-Hélène",Longueuil,J4K 3T5,(450) 646-7666,,cpemalicorne@videotron.ca,CPE,60,0,CR,,1
CENTRE ÉDUCATIF PETIT MONDE,16 - Montérégie,"1418, rue Beauharnois",Longueuil,J4M 1C2,(450) 748-0788,,centreeducatifpetitmonde@gmail.com,GARD,29,0,,,1
CPE VOS TOUT-PETITS,16 - Montérégie,"2503, rue Cartier",Longueuil,J4K 4G5,(450) 448-5700,(450) 448-6047,info@vostoutpetits.com,CPE,80,10,CR,,1
GARDERIE AU PAYS DES COCCINELLES,16 - Montérégie,"482, rue Sainte-Hélène",Longueuil,J4K 3R2,(450) 679-2555,(450) 679-1118,auxpaysdescoccinelles@hotmail.com,GARD,80,10,,,1
GARDERIE AU PETIT LUTIN INC.,16 - Montérégie,"606, rue Barthélémy",Longueuil,J4J 1M7,(450) 646-5244,,infolutin@bell.net,GARD,59,0,CR,,1
GARDERIE BIA MEL V INC.,16 - Montérégie,"25, boulevard Lafayette",Longueuil,J4K 5C8,(450) 651-6999,,martinebiamel@gmail.com,GARD,80,20,,,1
GARDERIE DES MINIS ATHLÈTES,16 - Montérégie,"1085, rue Ste-Hélène",Longueuil,J4K 3R9,(450) 677-0000,,jaderivard@outlook.com,GARD,15,15,,,1
GARDERIE DES MINIS ATHLÈTES,16 - Montérégie,"1050, rue Ste-Hélène",Longueuil,J4K 3R9,(450) 677-0000,,jaderivard@outlook.com,GARD,60,0,,,1
GARDERIE DES P'TITS ZAMIS,16 - Montérégie,"365, rue St-Jean, Suite 025",Longueuil,J4H 2X7,,,garderiedesptitszamis@gmail.com,GARD,34,0,,,1
GARDERIE DES PINSONS ENR.,16 - Montérégie,"1000, boulevard Curé-Poirier Est",Longueuil,J4J 4X1,(450) 651-2087,(450) 651-7035,sbjd@videotron.ca,GARD,80,15,CR,,1
GARDERIE LAURIE BRICOLE-LÀ,16 - Montérégie,"24, rue Grant",Longueuil,J4H 3H3,(450) 670-4118,,mmegagne@garderielauriebricolela.com,GARD,80,15,CR,,1
GARDERIE LE CENTRE LA BONTE INC.,16 - Montérégie,"514, rue King Georges",Longueuil,J4J 2V7,(450) 468-6192,,garderie.labonte@videotron.ca,GARD,80,10,CR,,1
GARDERIE MINA ET SES AMIS COMPAGNIE,16 - Montérégie,"1297, chemin de Chambly",Longueuil,J4J 3X1,(514) 926-5128,,garderiemina@hotmail.ca,GARD,60,10,,,1
GARDERIE PETIT MONDE,16 - Montérégie,"1485, boulevard Desaulniers",Longueuil,J4K 1L5,(450) 677-5733,,garderiepetitmonde@videotron.ca,GARD,70,10,CR,,1
GARDERIE TOM POUCE INC.,16 - Montérégie,"1322, rue Sainte-Hélène",Longueuil,J4K 3S6,(450) 674-3152,(450) 674-5480,tompoucegarderie@hotmail.com,GARD,60,10,CR,,1
GARDERIE ÉDUCATIVE & MATERNELLE LA PÉPINIÈRE INC.,16 - Montérégie,"1960, rue Joliette",Longueuil,J4K 4W9,(450) 677-9632,,pmphan@sympatico.ca,GARD,63,5,CR,,1
GARDERIE ÉDUCATIVE ABC 123 INC.,16 - Montérégie,"553, boulevard Sainte-Foy",Longueuil,J4J 1Y7,(450) 442-4444,(450) 748-0999,info@garderieabc123.ca,GARD,80,20,,,1
GARDERIE ÉDUCATIVE BAMBINI INC.,16 - Montérégie,"1329-1331, boulevard Sainte-Foy",Longueuil,J4K 1X8,,,jalehraissi@yahoo.ca,GARD,51,5,,,1
GARDERIE ÉDUCATIVE CHÂTEAU DES CALINOURS INC.,16 - Montérégie,"2141, rue Jean-Béliveau, porte 2",Longueuil,J4J 4W1,(450) 646-5068,(450) 646-9083,garderie.chacal@hotmail.com,GARD,15,0,CR,,1
GARDERIE ÉDUCATIVE L'ÉCOLE DU VILLAGE INC.,16 - Montérégie,"2480, rue Marmier",Longueuil,J4L 2N8,(450) 677-3117,,ecole.village@outlook.com,GARD,38,0,CR,,1
GARDERIE ÉDUCATIVE LE CLOWN SUR LA LUNE,16 - Montérégie,"100-1644, chemin de Chambly",Longueuil,J4J 3X5,(514) 813-0097,(450) 332-5775,garderieclown@gmail.com,GARD,80,10,CR,,1
GARDERIE ÉDUCATIVE LES BEAUX OURSINS,16 - Montérégie,"2465, chemin de Chambly",Longueuil,J4L 1M1,(450) 332-9986,,lesbeauxoursins@gmail.com,GARD,42,10,,,1
GARDERIE ÉDUCATIVE LES GAIS ROSSIGNOLS INC.,16 - Montérégie,"2831, rue Duclos",Longueuil,J4L 3H5,(450) 651-1941,,lesrossignols@videotron.ca,GARD,46,5,CR,,1
GARDERIE ÉDUCATIVE SUR LES PAS DE BAMBI,16 - Montérégie,"911, boulevard Roland Thérrien",Longueuil,J4J 4L3,(514) 449-9814,(450) 332-8228,z_tikobaini@yahoo.ca,GARD,67,10,,,1
GARDERIE ÉDUCATIVE SUR LES TRACES DE BAMBI INC.,16 - Montérégie,"110, boulevard Roberval Est",Longueuil,J4L 4N6,(514) 449-9814,,z_tikobaini@yahoo.ca,GARD,80,20,,,1
GARDERIE ÉDUCATIVE VERTENDRE,16 - Montérégie,"1185, chemin du Tremblay",Longueuil,J4N 1R4,(450) 647-5678,,faressbouchra@hotmail.com,GARD,80,15,,,1
L'ACADÉMIE DES FUTÉRUSÉS INC.,16 - Montérégie,"649, rue Adoncour",Longueuil,J4G 2M6,(450) 651-1720,,academiedesfuteruses@gmail.com,GARD,57,10,,,1
L'UNIVERS DE PIGLOO INC.,16 - Montérégie,"1346, Chemin de Chambly",Longueuil,J4J 3X3,(514) 916-7002,,luniversdepigloo@gmail.com,GARD,70,8,,,1
LA JUNGLE ÉDUCATIVE À MARIE-JO,16 - Montérégie,"2330, chemin de Chambly",Longueuil,J4J 3Z6,(450) 332-6620,,garderie.jungleeducative@hotmail.com,GARD,33,10,,,1
LA MAISON DES ENFANTS MONTESSORI DE LONGUEUIL INC.,16 - Montérégie,"100-1887, chemin du Tremblay",Longueuil,J4N 1A4,(450) 876-1110,,raphaelle.philippe@gmail.com,GARD,60,0,,,1
LA POUPONNIÈRE MONTESSORI DE LONGUEUIL INC.,16 - Montérégie,"120-1887, chemin du Tremblay",Longueuil,J4N 1A4,(450) 332-7255,,raphaelle.philippe@gmail.com,GARD,28,14,,,1
LE CYGNE ENCHANTÉ INC.,16 - Montérégie,"1911, rue McGill",Longueuil,J4J 3L9,(450) 442-1515,(450) 442-0416,melinach_fr@yahoo.fr,GARD,50,0,CR,,1
LE PARCOURS DU FAON (1997) INC.,16 - Montérégie,"1935, chemin du Tremblay",Longueuil,J4N 1A5,(450) 448-2653,,directionfaon@gmail.com,GARD,80,10,CR,,1
LES CHÉRUBINS DE MÉDICIS INC.,16 - Montérégie,"3150, rue Belcourt",Longueuil,J4M 2W9,(450) 448-8447,,cherubins3150@hotmail.com,GARD,80,10,CR,,1
LES HEUREUX PETITS DAUPHINS,16 - Montérégie,"1925,  rue Saint-Thomas",Longueuil,J4J 3R5,,,,GARD,66,10,,,1
LES OISEAUX DE LONGUEUIL,16 - Montérégie,"3075, rue de Lyon",Longueuil,J4L 3R8,,,lesoiseauxdelongueuil@live.ca,GARD,73,15,,,1
LES PETITS COEURS D'AMOUR,16 - Montérégie,"903, rue Front",Longueuil,J4K 1Z9,(438) 402-0930,,lespetitscoeursdamour2017@gmail.com,GARD,34,10,,,1
MES PREMIERS PAS,16 - Montérégie,"2260, chemin de Chambly",Longueuil,J4J 3Z5,(450) 332-0313,(450) 689-7732,garderiemespremierspas@gmail.com,GARD,45,10,,,1
MON EMPREINTE À MOI,16 - Montérégie,"1025, boul. Curé-Poirier",Longueuil,J4K 2E2,(450) 761-0010,,garderie_footprints2@outlook.com,GARD,80,15,CR,,1
MON RAYON DE SOLEIL,16 - Montérégie,"1045, chemin du Lac",Longueuil,J4J 1W2,(450) 396-9034,,garderie@monrayon-desoleil.com,GARD,65,15,,,1
ROYAUME DE L'ENFANT,16 - Montérégie,"125, rue Coulonge",Longueuil,J4G 1H7,(450) 674-9805,,fsmlmaternelle@bellnet.ca,GARD,87,0,CR,,1
ROYAUME ET SÉJOUR DE L'ENFANT,16 - Montérégie,"300, rue Toulouse",Longueuil,J4L 1H8,(450) 468-5411,(450) 468-9439,fsml300t@bellnet.ca,GARD,60,0,CR,,1
À CHACUN SON HISTOIRE - VIEUX-LONGUEUIL INC.,16 - Montérégie,"50-85, rue Saint-Charles Ouest",Longueuil,J4H 1C5,(450) 332-3622,,isabelle@achacunsonhistoire.com,GARD,80,10,,,1
GARDERIE LES APPRENTIS EXPLORATEURS INC. INSTALLATION LÉRY,16 - Montérégie,"1400, rue des Galets",Léry,J6N 0R9,(450) 692-9908,,lery@lesapprentisexplorateurs.ca,GARD,70,10,CR,,1
CENTRE DE LA PETITE ENFANCE MAMIE-POM (CHAPEAU MELON),16 - Montérégie,"2366, rue Du Pont",Marieville,J3M 1K7,(450) 460-2002,(450) 460-2121,,CPE,60,10,CR,,0
GARDERIE ANGELUS INC.,16 - Montérégie,"2525A, rue Du Pont",Marieville,J3M 0C5,"(450) 708-2525, poste 2",,info@garderieangelus.com,GARD,80,10,CR,,0
GARDERIE L'ANGE RUMIEL INC.,16 - Montérégie,"2525 B, rue Dupont",Marieville,J3M 0C5,(450) 708-2525,(450) 708-2526,info@garderieangerumiel.com,GARD,80,20,,,0
CPE LES COPAINS D'ABORD INSTALLATION MCMASTERVILLE,16 - Montérégie,"149, rue du Purvis Club",McMasterville,J3G 6S5,(450) 464-7854,(450) 464-7848,france.bertrand@cpelescopainsdabord.com,CPE,54,10,CR,,1
CPE LES COPAINS D'ABORD INSTALLATION MCMASTERVILLE 2,16 - Montérégie,"151, rue du Purvis Club",McMasterville,J3G 6S5,(450) 464-7854,(450) 464-7848,france.bertrand@cpelescopainsdabord.com,CPE,45,15,CR,,1
CPE LES COPAINS D'ABORD INSTALLATION MCMASTERVILLE 3,16 - Montérégie,"155, rue du Purvis Club",McMasterville,J3G 6S5,,,france.bertrand@cpelescopainsdabord.com,CPE,55,15,CR,,1
GARDERIE LE PETIT SPORT,16 - Montérégie,"759, boulevard Constable",McMasterville,J3G 0K2,,,garderie@lepetitsport.ca,GARD,66,10,,,1
LES FRIMOUSSES DE LA VALLÉE,16 - Montérégie,"300, rue des Camélias",McMasterville,J3G 5B1,,(450) 467-9048,frimousses@cpelesfrimousses.com,CPE,60,10,CR,,1
C.P.E. PATACHOU,16 - Montérégie,"962, boulevard Saint-Jean-Baptiste",Mercier,J6R 2K8,(450) 691-2457,(450) 691-9965,direction@cpepatachou.com,CPE,50,5,CR,,1
C.P.E. PATACHOU,16 - Montérégie,"1, rue de Batiscan",Mercier,J6R 2P2,(450) 698-1991,(450) 698-0440,direction@cpepatachou.com,CPE,80,10,CR,,1
C.P.E. PATACHOU,16 - Montérégie,"3, rue Batiscan",Mercier,J6R 2P2,(450) 698-1991,,direction@cpepatachou.com,CPE,67,15,CR,,1
GARDERIE BABYNOU,16 - Montérégie,"869, rue Saint-Jean-Baptiste",Mercier,J6R 2L3,,,,GARD,35,15,CR,,1
GARDERIE GÉNIES TOUT PETITS II,16 - Montérégie,"823, boulevard St-Jean Baptiste",Mercier,J6R 1E4,(450) 671-0006,(450) 691-0050,direction2@garderiestoutpetits.com,GARD,80,20,CR,,1
GARDERIE LA PETITE ÉTOILE MAGIQUE,16 - Montérégie,"103, rue F.P.-Labrie",Mercier,J6R 0G3,(450) 691-1788,,lapetiteetoilemagique@outlook.com,GARD,98,20,CR,,1
GARDERIE MONSIEUR PELUCHE INC.,16 - Montérégie,"8, rue Josime-Pelletier",Mercier,J6R 0B1,(450) 698-2121,,kassia@hmpitre.ca,GARD,78,10,,,1
GARDERIE ÉDUCATIVE MILLE ET UN SOUVENIRS,16 - Montérégie,"786, boulevard Saint-Jean-Baptiste",Mercier,J6R 1E8,(450) 691-0218,,info@1001souvenirs.ca,GARD,78,10,,,1
GÉNIE TOUT PETIT,16 - Montérégie,"869, boulevard Saint-Jean-Baptiste, porte 102",Mercier,J6R 2K8,(450) 699-2229,,direction@garderiegeniestoutpetits.com,GARD,80,15,,,1
GARDERIE LE PETIT COCHON ROSE,16 - Montérégie,"225, rue Saint-Joseph",Mont-Saint-Grégoire,J0J 1K0,(450) 358-1581,,garderiepetitcochonrose@gmail.com,GARD,52,10,,,0
ACADÉMIE GUYLAINE BÉDARD,16 - Montérégie,"55, rue Sainte-Anne",Mont-Saint-Hilaire,J3H 3A3,(450) 813-9333,(450) 813-0838,gb@academieguylainebedard.com,GARD,80,10,,,1
CENTRE DE LA PETITE ENFANCE JOUJOU,16 - Montérégie,"588, cours de la Raffinerie",Mont-Saint-Hilaire,J3H 0C8,,,Info@cpejoujou.ca,CPE,80,15,CR,,1
CENTRE DE LA PETITE ENFANCE L'APPRENTI-SAGE,16 - Montérégie,"293, rue Savoy",Mont-Saint-Hilaire,J3H 4W6,(450) 467-3498,,dg@cpeapprentisage.com,CPE,64,5,CR,,1
CENTRE DE LA PETITE ENFANCE L'APPRENTI-SAGE,16 - Montérégie,"495, rue des Falaises",Mont-Saint-Hilaire,J3H 5R7,,,dg@cpeapprentisage.com,CPE,80,10,CR,,1
CENTRE DE LA PETITE ENFANCE L'APPRENTI-SAGE,16 - Montérégie,"500, rue Jolliet",Mont-Saint-Hilaire,J3H 4X2,(450) 464-3786,(450) 467-9577,dg@cpeapprentisage.com,CPE,64,5,CR,,1
CENTRE DE LA PETITE ENFANCE ROULE TA POMME INC.,16 - Montérégie,"911, rue de la Pommeraie",Mont-Saint-Hilaire,J3H 5E5,(450) 536-7666,(450) 536-1111,msh@rouletapomme.com,CPE,80,10,CR,,1
GARDERIE DE LA MONTAGNE MAGIQUE,16 - Montérégie,"162, rue Sainte-Thérèse, suite 1",Mont-Saint-Hilaire,J3H 2R4,(450) 813-6279,(450) 813-3438,administration@garderiedelamontagnemagique.com,GARD,80,15,,,1
GARDERIE DU CHEVAL BLANC,16 - Montérégie,"600, boulevard Sir Wilfrid-Laurier",Mont-Saint-Hilaire,J3H 4X6,(514) 506-8819,,juliemartel@msn.com,GARD,80,15,,,1
GARDERIE LES PETITS INVINCIBLES,16 - Montérégie,"28, rue Brunet",Mont-Saint-Hilaire,J3H 0M7,,,lespetitsinvincibles@gmail.com,GARD,80,10,,,1
LA CLÉ DES CHAMPS,16 - Montérégie,"386, rue de l'Église",Napierville,J0J 1L0,(450) 245-3975,(450) 245-1273,dg@cpejeunespousses.ca,CPE,70,10,CR,,0
CENTRE DE LA PETITE ENFANCE L'ILE AUX TRÉSORS,16 - Montérégie,"1211, boulevard Virginie-Roy",Notre-Dame-de-l'Île-Perrot,J7V 9A1,(514) 425-0444,,martine@cpeileauxtresors.ca,CPE,80,10,CR,,1
CENTRE DE LA PETITE ENFANCE L'ÎLE AUX TRÉSORS,16 - Montérégie,"1200, boulevard Virginie-Roy",Notre-Dame-de-l'Île-Perrot,J7V 9A1,(514) 425-0444,,,CPE,80,10,CR,,1
CENTRE DE LA PETITE ENFANCE LES PETITS MOUSSES,16 - Montérégie,"2, rue Hubert-Leduc",Notre-Dame-de-l'Île-Perrot,J7V 9E2,(514) 453-6687,,fdamour@cpelespetitsmousses.com,CPE,70,10,CR,,1
CENTRE DE LA PETITE ENFANCE ABRACADABRA,16 - Montérégie,"47, rue Bridge",Ormstown,J0S 1K0,"(450) 829-3801, poste 2",(450) 829-3747,direction@cpeabracadabra.com,CPE,80,10,CR,,0
"ACADÉMIE PRÉSCOLAIRE ""LES TRÉSORS DE LA MONTAGNE""",16 - Montérégie,"506, rue Côté",Otterburn Park,J3H 5T3,,,sbouchard@hotmail.fr,GARD,88,20,CR,,1
CENTRE DE LA PETITE ENFANCE LA PETITE LOUTRE,16 - Montérégie,"250, rue Sharron",Otterburn Park,J3H 5E1,(450) 536-1120,,dl@cpelpl.com,CPE,50,10,CR,,1
CENTRE DE LA PETITE ENFANCE LA PETITE LOUTRE,16 - Montérégie,"385, rue Copping",Otterburn Park,J3H 2H4,(450) 446-1120,,dl@cpelpl.com,CPE,48,5,CR,,1
CENTRE DE LA PETITE ENFANCE LA CLAIRE FONTAINE DE PINCOURT,16 - Montérégie,"263, 5e Avenue",Pincourt,J7V 5L4,(514) 425-2818,,direction@cpelaclairefontaine.ca,CPE,80,10,CR,,1
CENTRE DE LA PETITE ENFANCE LES PETITS MOUSSES,16 - Montérégie,"270, boulevard de l'Île",Pincourt,J7V 3R9,(514) 453-6687,(514) 453-0515,fdamour@cpelespetitsmousses.com,CPE,80,15,CR,,1
GARDERIE ÉDUCTIVE L'ÉLITE 3 PINCOURT INC.,16 - Montérégie,"344, boulevard Cardinal-Léger",Pincourt,J7W 3Z1,(514) 425-0843,(450) 451-5310,marie-claude-hugo@hotmail.com,GARD,66,13,,,1
LES MINIS COURTOIS,16 - Montérégie,"480, avenue Forest",Pincourt,J7W 0K2,(819) 923-6418,,wanglixinp@yahoo.com,GARD,80,10,CR,,1
CENTRE DE LA PETITE ENFANCE MAMIE-POM (LA RIBAMBELLE),16 - Montérégie,"703, rue Martel",Richelieu,J3L 5R7,(450) 658-0660,(450) 658-5434,,CPE,75,15,CR,,1
CENTRE DE LA PETITE ENFANCE LES TOURTERELLES INC.,16 - Montérégie,"126, rue Saint-Jean-Baptiste",Rigaud,J0P 1P0,(450) 451-0025,(450) 451-2250,direction@cpetourterelles.qc.ca,CPE,80,10,CR,,0
GARDERIE ÉDUCATIVE DAMILIA 2,16 - Montérégie,"30A, rue Saint-Jean Baptiste Ouest",Rigaud,J0P 1P0,(450) 451-5011,(450) 451-5371,garderie.educative.damilia@gmail.com,GARD,15,15,,,0
GARDERIE ÉDUCATIVE DAMILIA INC.,16 - Montérégie,"30, rue Saint-Jean Baptiste Ouest",Rigaud,J0P 1P0,(450) 451-5011,(450) 451-5371,garderie.educative.damilia@gmail.com,GARD,80,0,,,0
GARDERIE ÉDUCATIVE WOOHOO,16 - Montérégie,"130, rue Saint-Jean-Baptiste Est",Rigaud,J0P 1P0,(514) 229-7076,(450) 206-4772,garderiewoohoo@gmail.com,GARD,42,10,,,0
CENTRE DE LA PETITE ENFANCE MAMIE-POM (POMME CÂLINS),16 - Montérégie,"160, Amédée-Côté",Rougemont,J0L 1M0,(450) 469-4762,(450) 469-1608,,CPE,39,5,CR,,0
"CENTRE DE LA PETITE ENFANCE ""LA DOUCE COUVÉE""",16 - Montérégie,"260, rue Duchaineau",Roxton Falls,J0H 1E0,,,infocpe@ladoucecouvee.ca,CPE,29,5,CR,,0
CENTRE DE LA PETITE ENFANCE JOIE DE VIVRE LE CHAMP DES RÈVES,16 - Montérégie,"456, rue Saint-Denis",Saint-Alexandre,J0J 1S0,,,marie-josee.boivin@cpejoiedevivre.com,CPE,61,10,CR,,0
CENTRE DE LA PETITE ENFANCE LA PASSERELLE,16 - Montérégie,"187, rue David",Saint-Amable,J0L 1N0,(450) 649-9826,(450) 922-0979,claudette.paquette@cpelapasserelle.com,CPE,88,10,CR,,1
CENTRE DE LA PETITE ENFANCE LA PASSERELLE,16 - Montérégie,"179, rue du Colibris",Saint-Amable,J0L 1N0,"(450) 649-9826, poste 221",(450) 922-0979,cpelapasserelle@videotron.ca,CPE,80,20,CR,,1
CENTRE DE LA PETITE ENFANCE MIEL ET MELON,16 - Montérégie,"333, rue Bianca",Saint-Amable,J0L 1N0,,,,CPE,72,20,CR,,1
LE P'TIT MONDE DE PEGGY 2,16 - Montérégie,"2-520, rue Principale",Saint-Amable,J0L 1N0,(514) 770-8994,,leptitmondedepeggy@gmail.com,GARD,39,5,,,1
ACADÉMIE SEIGNEURIALE INC.,16 - Montérégie,"455, rue Principale",Saint-Basile-le-Grand,J3N 1K5,,,cleblanc@academieseigneuriale.com,GARD,80,14,,,1
"CENTRE DE LA PETITE ENFANCE ""PLAISIR D'ENFANT""",16 - Montérégie,"312, rue Principale",Saint-Basile-le-Grand,J3N 1J8,,,dgplaisirdenfant@gmail.com,CPE,54,10,CR,,1
CENTRE DE LA PETITE ENFANCE LES CONTES DE FÉE INC.,16 - Montérégie,"70, avenue des Pinsons",Saint-Basile-le-Grand,J3N 1L1,(450) 461-1245,(450) 461-9838,cpe.contesdefee@videotron.ca,CPE,60,0,CR,,1
CENTRE DE LA PETITE ENFANCE LES CONTES DE FÉE INC.,16 - Montérégie,"80A, rue Principale",Saint-Basile-le-Grand,J3N 1A6,,,,CPE,65,15,CR,,1
CENTRE DE LA PETITE ENFANCE LES MOUSSES DU MONT INC. INSTALLATION LA BRISE,16 - Montérégie,"126, boulevard des Trinitaires",Saint-Basile-le-Grand,J3N 1C3,(450) 441-6277,(450) 441-5377,direction@cpelesmousses.com,CPE,60,10,CR,,1
GARDERIE LE PETIT CERCLE INC.,16 - Montérégie,"155, boulevard Sir Wilfrid Laurier, locaux 101-102-104",Saint-Basile-le-Grand,J3N 1A9,,,petitcercle_inc@hotmail.com,GARD,42,15,,,1
GARDERIE SPORTIVE LES PETITS TOURNESOLS INC.,16 - Montérégie,"218, rue Audet",Saint-Basile-le-Grand,J3N 1E7,(450) 482-6777,,garderielespetitstournesols17@gmail.com,GARD,40,5,,,1
L'IMAGINETTE INC.,16 - Montérégie,"23, avenue des Ormes",Saint-Basile-le-Grand,J3N 1G4,(450) 461-1632,,imaginette@videotron.ca,GARD,80,15,CR,,1
LES MOUSSAILLONS S.B.L.  INC.,16 - Montérégie,"219, rue Principale",Saint-Basile-le-Grand,J3N 1L6,(450) 482-4374,,lesmoussaillonssbl2014@gmail.com,GARD,80,10,,,1
PREMIÉPAS,16 - Montérégie,"3, rue Daragon",Saint-Basile-le-Grand,J3N 1L5,(450) 461-0971,,dipesha@gmail.com,GARD,34,5,,,1
CENTRE DE LA PETITE ENFANCE JOIE DE VIVRE LES P'TITS BOUTS D'ENTRAIN,16 - Montérégie,"870, rue Principale",Saint-Blaise-sur-Richelieu,J0J 1W0,"(450) 346-4149, poste 411",(450) 291-5670,marie-josee.boivin@cpejoiedevivre.com,CPE,64,15,CR,,0
ACADÉMIE DES SACRÉS-COEURS,16 - Montérégie,"1575, chemin des Vingt",Saint-Bruno-de-Montarville,J3V 4P6,(450) 653-3681,(450) 653-0816,GosselinE@academiedsc.ca,GARD,60,0,,,1
CENTRE DE LA PETITE ENFANCE AU PIED DU MONT,16 - Montérégie,"705, boulevard Clairevue Ouest",Saint-Bruno-de-Montarville,J3V 6B6,"(450) 441-0090, poste 7266",(450) 441-7741,cpeaupieddumont@qc.aira.com,CPE,80,10,CR,,1
CENTRE DE LA PETITE ENFANCE LES MOUSSES DU MONT INC.  INSTALLATION ALIZÉ,16 - Montérégie,"1750, rue Roberval",Saint-Bruno-de-Montarville,J3V 3R3,(450) 653-4851,(450) 653-8458,direction@cpelesmousses.com,CPE,60,10,CR,,1
CENTRE DE LA PETITE ENFANCE LES MOUSSES DU MONT INC. INSTALLATION ROSE DES VENTS,16 - Montérégie,"775, montée Montarville",Saint-Bruno-de-Montarville,J3V 6L6,(450) 441-4811,(450) 441-4899,direction@cpelesmousses.com,CPE,68,10,CR,,1
CPE LES COPAINS D'ABORD INSTALLATION ST-BRUNO,16 - Montérégie,"421, rue Jeanne-Sauvé",Saint-Bruno-de-Montarville,J3V 6H7,(450) 653-7854,,france.bertrand@cpelescopainsdabord.com,CPE,60,10,CR,,1
GARDERIE LE BOISÉ ENCHANTÉ,16 - Montérégie,"3171, du Sumac",Saint-Bruno-de-Montarville,J3V 0A9,(450) 482-3099,,leboiseenchante@videotron.ca,GARD,80,15,CR,,1
GARDERIE MONTARVILLE INC.,16 - Montérégie,"15, rue Saint-Jacques",Saint-Bruno-de-Montarville,J3V 2E9,(450) 461-0015,(450) 461-0015,garderiemontarville@bellnet.ca,GARD,80,10,CR,,1
GARDERIE OLLI,16 - Montérégie,"1435, rue Roberval",Saint-Bruno-de-Montarville,J3V 3P7,(514) 802-9976,,olligarderie@gmail.com,GARD,49,0,,,1
LES FLAMBOYANTS DE SAINT-BRUNO,16 - Montérégie,"668, montée Montarville",Saint-Bruno-de-Montarville,J3V 6B1,(450) 653-0005,,info@les-flamboyants.com,GARD,80,15,,,1
PREMIÉMOS  (HAPPY LEARNERS ACADEMY),16 - Montérégie,"1460-1466, rue Huet",Saint-Bruno-de-Montarville,J3V 3L5,(450) 653-9840,,premiemos.happylearners@gmail.com,GARD,50,5,,,1
ÉCOLE PRÉ-MATERNELLE TWINKLESTAR INC.,16 - Montérégie,"36, chemin de la Rabastalière",Saint-Bruno-de-Montarville,J3V 1Y8,(450) 461-0606,,directrice@twinklestar.ca,GARD,42,0,,,1
CENTRE DE LA PETITE ENFANCE KALÉIDOSCOPE CHILD CARE CENTER,16 - Montérégie,"78,  rue Saint-Thomas",Saint-Chrysostome,J0S 1R0,(450) 264-4390,(450) 264-6561,,CPE,80,20,CR,,0
LE SERVICE DE GARDE DES SCHTROUMPFS,16 - Montérégie,"582, route 201",Saint-Clet,J0P 1S0,(450) 456-3300,,basma.ouerghi@me.com,GARD,78,15,CR,,0
CENTRE DE LA PETITE ENFANCE KATERI INC.,16 - Montérégie,"333, boulevard Monchamp",Saint-Constant,J5A 2T2,(450) 632-4544,(450) 632-1942,cpekateridg@videotron.ca,CPE,70,10,CR,,1
CPE SOLEIL SOURIANT,16 - Montérégie,"26, montée Lasaline",Saint-Constant,J5A 2A8,(450) 635-2448,(450) 635-2443,dg@cpesoleilsouriant.com,CPE,62,10,CR,,1
GARDERIE BÉBÉKIDZ PLAZA DE LA GARE,16 - Montérégie,"119, rue Saint-Pierre, bureau 101",Saint-Constant,J5A 0M3,(450) 632-4439,(450) 632-1439,stconstant@bebekidz.com,GARD,80,15,,,1
GARDERIE LE PETIT MONDE MARIN,16 - Montérégie,"2, montée des Bouleaux, bureau 110",Saint-Constant,J5A 2N5,(514) 242-9888,(450) 638-9038,garderiepmm@hotmail.com,GARD,100,0,CR,,1
GARDERIE LES MILLE ET UN TRÉSORS,16 - Montérégie,"265, rue Sainte-Catherine",Saint-Constant,J5A 1W2,(450) 632-5190,,pingchichi@gmail.com,GARD,100,20,CR,,1
GARDERIE LES P'TITES BRETELLES 2 INC.,16 - Montérégie,"169A, rue Lasalle",Saint-Constant,J5A 2G8,(450) 845-3377,,huiyan_wu@yahoo.com,GARD,18,0,,,1
GARDERIE LES P'TITES BRETELLES INC.,16 - Montérégie,"169, rue Lasalle",Saint-Constant,J5A 2G8,(450) 845-3377,,huiyan_wu@yahoo.com,GARD,100,10,CR,,1
GARDERIE ÉDUCATIVE LUMIÈRE DE MA VIE LTÉE,16 - Montérégie,"25, rue Saint-Pierre",Saint-Constant,J5A 1B8,(450) 845-7538,,garderie.ldmv@gmail.com,GARD,41,5,,,1
INSTALLATION LA SOURIS DES CHAMPS,16 - Montérégie,"305, chemin Sainte-Catherine",Saint-Constant,J5A 1W2,(450) 635-5266,,abittencourt.cpedg@cpelespetitessouris.com,CPE,86,10,CR,,1
MONCHAMPIGNON,16 - Montérégie,"235, boulevard Monchamp",Saint-Constant,J5A 2R6,(450) 635-3739,(450) 635-7311,abeaudoin@cpelamereschtroumph.ca,CPE,54,10,CR,,1
RONCHAMPIGNON,16 - Montérégie,"169, rue de Ronsard",Saint-Constant,J5A 0K2,(450) 845-1448,(450) 845-4440,abeaudoin@cpelamereschtroumph.ca,CPE,80,20,CR,,1
AU GRÉ DU VENT,16 - Montérégie,"123, Rang Cyr",Saint-Cyprien-de-Napierville,J0J 1L0,(450) 245-3975,(450) 245-1273,dg@cpejeunespousses.ca,CPE,75,15,CR,,0
CENTRE DE LA PETITE ENFANCE MAMIE-POM (LA FRIMOUSSE),16 - Montérégie,"1795, avenue Frère André",Saint-Césaire,J0L 1T0,(450) 469-4774,(450) 469-0628,cpe@mamiepom.com,CPE,47,5,CR,,0
GARDERIE LES CONTES ENCHANTÉS II,16 - Montérégie,"1201-A, avenue Saint-Paul",Saint-Césaire,J0L 1T0,(450) 947-3840,,info@contesenchantes.ca,GARD,16,0,,,0
GARDERIE LES CONTES ENCHANTÉS INC.,16 - Montérégie,"1201, avenue St-Paul",Saint-Césaire,J0L 1T0,(450) 361-2763,,info@contesenchantes.ca,GARD,80,20,,,0
CENTRE DE LA PETITE ENFANCE LE TEMPS D'UN RÊVE,16 - Montérégie,"120, rue Mgr Decelles",Saint-Damase,J0H 1J0,(450) 797-3737,(450) 797-2456,cpeletempsdunreve@cgocable.ca,CPE,60,10,CR,,0
LE CHEVAL MARIN,16 - Montérégie,"25 A, rue Théroux",Saint-David,J0G 1L0,(450) 789-3553,,dg@lapetitemarine.ca,CPE,21,5,CR,,0
LES PETITS DYNO-DENIS,16 - Montérégie,"276, rue du Collège",Saint-Denis-sur-Richelieu,J0H 1K0,(450) 787-3513,(450) 467-9048,frimousses@cpelesfrimousses.com,CPE,66,10,CR,,0
CENTRE DE LA PETITE ENFANCE DOUX RÉVEIL,16 - Montérégie,"1215, rue Du Puits",Saint-Dominique,J0H 1L0,(450) 773-3286,(450) 773-4798,dg@cpedouxreveil.ca,CPE,60,10,CR,,0
ACADÉMIE AU PAS DE GÉANT,16 - Montérégie,"6540, chemin de Chambly",Saint-Hubert,J3Y 3R5,(450) 500-0471,,direction@aupasdegeant.com,GARD,66,0,,,1
ACADÉMIE AU PAS DE GÉANT 2,16 - Montérégie,"6600, chemin Chambly",Saint-Hubert,J3Y 3R5,(450) 486-6699,,claudia.ferraro@aupasdegeant.com,GARD,75,25,,,1
ACADÉMIE MARIE-EMMANUEL,16 - Montérégie,"5455, rue Canon",Saint-Hubert,J3Y 8L8,(450) 656-3223,(450) 500-1213,academie.emmanuel@gmail.com,GARD,78,10,CR,,1
CENTRE DE LA PETITE ENFANCE AUX MILLE JEUX,16 - Montérégie,"3380, rue Rideau",Saint-Hubert,J3Y 5M4,"(450) 656-5005, poste 124",(450) 656-5811,info@auxmillejeux.com,CPE,80,10,CR,,1
CENTRE DE LA PETITE ENFANCE AUX MILLE JEUX,16 - Montérégie,"1435, boulevard Gaétan-Boucher",Saint-Hubert,J3Z 1C8,(450) 443-1524,,info@auxmillejeux.com,CPE,62,10,CR,,1
CENTRE DE LA PETITE ENFANCE CAILLOU LAPIERRE,16 - Montérégie,"1675, rue Langevin",Saint-Hubert,J4T 1X8,(450) 462-9643,,info@cpecailloulapierre.ca,CPE,60,10,CR,,1
CENTRE DE LA PETITE ENFANCE CAILLOU LAPIERRE,16 - Montérégie,"1910, boulevard Marie",Saint-Hubert,J4T 2V8,(450) 466-5706,,,CPE,50,10,CR,,1
CENTRE DE LA PETITE ENFANCE DE LA VOIE LACTÉE,16 - Montérégie,"6801, route de l'Aéroport",Saint-Hubert,J3Y 8Y9,(450) 443-4333,(450) 926-4878,cpelvl@gmail.com,CPE,95,15,CR,,1
CENTRE DE LA PETITE ENFANCE HELLÉNIQUE PILOUPI,16 - Montérégie,"5220, rue Grande Allée",Saint-Hubert,J3Y 1A1,(450) 656-3246,,bod@cpepiloupi.com,CPE,74,0,CR,,1
CENTRE DE LA PETITE ENFANCE L'ESCOUADE DES MIOCHES,16 - Montérégie,"4490, rue de Lanaudière",Saint-Hubert,J3Y 9G7,(450) 926-3330,(450) 926-9928,cpeescouade@videotron.ca,CPE,76,10,CR,,1
CENTRE DE LA PETITE ENFANCE LA BAGUETTE MAGIQUE,16 - Montérégie,"3600, rue Paré",Saint-Hubert,J3Y 4S2,(450) 445-3311,,cpelabaguettemagique@outlook.com,CPE,48,0,CR,,1
CENTRE DE LA PETITE ENFANCE LA MARMICELLE,16 - Montérégie,"5500, rue David",Saint-Hubert,J3Z 1H8,(450) 445-4500,(450) 445-0921,info@cpelamarmicelle.com,CPE,83,15,CR,,1
CENTRE DE LA PETITE ENFANCE LES JOYEUX APPRENTIS,16 - Montérégie,"1924, boulevard Édouard",Saint-Hubert,J4T 1Z4,(450) 443-8779,,lesjoyeuxapprentis@videotron.ca,CPE,56,10,CR,,1
CENTRE DE LA PETITE ENFANCE LES JOYEUX CALINOURS,16 - Montérégie,"4800, boulevard Davis",Saint-Hubert,J3Y 8L5,"(450) 445-2555, poste 322",,fgendron@cpeljc.com,CPE,78,10,CR,,1
CENTRE DE LA PETITE ENFANCE LES JOYEUX CALINOURS,16 - Montérégie,"3480, rue MacKay",Saint-Hubert,J4T 2P1,"(450) 445-2555, poste 322",(450) 462-2935,fgendron@cpeljc.com,CPE,80,10,CR,,1
CENTRE DE LA PETITE ENFANCE LES JOYEUX CALINOURS,16 - Montérégie,"3505, Grand Boulevard",Saint-Hubert,J4T 2L8,,,,CPE,47,5,CR,,1
CENTRE DE LA PETITE ENFANCE LES PETITS SEMEURS INC.,16 - Montérégie,"2401, rue Coderre",Saint-Hubert,J3Y 4N6,(450) 445-2074,(450) 445-2218,f.belanger@cpepetitssemeurs.com,CPE,80,10,CR,,1
CENTRE DE LA PETITE ENFANCE LES PETITS SEMEURS INC.,16 - Montérégie,"3565, rue Pierre-Thomas-Hurteau",Saint-Hubert,J3Y 8S4,(450) 445-2074,(450) 445-4407,,CPE,80,10,CR,,1
CENTRE DU DÉVELOPPEMENT DE L'ENFANT MES PREMIERS PAS INC.,16 - Montérégie,"4195, boulevard Westley",Saint-Hubert,J3Y 2T1,(450) 812-8885,,garderiemespremierspas@yahoo.ca,GARD,59,15,,,1
ENFANTS FLEUR SOLEIL INC.,16 - Montérégie,"5952, chemin Chambly",Saint-Hubert,J3Y 6W9,(450) 656-0308,(450) 445-1404,efs.isa@gmail.com,GARD,95,15,CR,,1
GARDERIE DES AMIES RIME INC.,16 - Montérégie,"5110, boulevard Cousineau, #200B",Saint-Hubert,J3Y 7G5,(450) 812-7768,,garderiedesamisrime@gmail.com,GARD,75,15,,,1
GARDERIE GRANDIR C'EST MAGIQUE,16 - Montérégie,"3897, Grande Allée",Saint-Hubert,J4T 2V8,(450) 656-3999,,garderiegrandircestmagique@yahoo.com,GARD,72,10,,,1
GARDERIE LES PETITS GÉNIES AU BERCEAU 2016 INC.,16 - Montérégie,"5740, Grande Allée",Saint-Hubert,J3Y 1B2,(450) 656-5461,(450) 812-8271,garderie-2016@hotmail.com,GARD,80,5,CR,,1
GARDERIE LES PETITS GÉNIES DE ST-HUBERT,16 - Montérégie,"3150, Montée St-Hubert",Saint-Hubert,J3Y 4J3,(450) 926-0888,,stevenq12345@gmail.com,GARD,80,10,CR,,1
GARDERIE MAISON DES PETITES FLEURS,16 - Montérégie,"5950, chemin Chambly",Saint-Hubert,J3Y 6W9,(450) 878-1123,,mpf.ming@gmail.com,GARD,78,15,CR,,1
GARDERIE MIMOSA INC.,16 - Montérégie,"3126, rue Pierre-Thomas-Hurteau",Saint-Hubert,J3Y 8N9,(450) 656-5650,(450) 656-9522,garderiemimosa@me.com,GARD,80,0,CR,,1
GARDERIE PETIT GAZOU INC.,16 - Montérégie,"4220, montée Saint-Hubert",Saint-Hubert,J3Y 1V1,(450) 676-3443,,garderiepetitgazou@videotron.ca,GARD,60,0,CR,,1
GARDERIE RUBIS MAGIC INC.,16 - Montérégie,"3695, boul. Taschereau",Saint-Hubert,J4T 2G3,(450) 676-6161,(450) 676-7116,rubismagic@bellnet.ca,GARD,80,0,,,1
GARDERIE ÉDUCATIVE L'ÉDOUARD INC.,16 - Montérégie,"2095-2099, boulevard Édouard",Saint-Hubert,J4T 2A2,(438) 502-1106,,lucica.tudor@gmail.com,GARD,70,12,,,1
GARDERIE ÉDUCATIVE LES AMIS DE SAINT-HUBERT,16 - Montérégie,"7590-7600, chemin de Chambly",Saint-Hubert,J3Y 5K2,(450) 443-1682,(450) 812-8437,info@garderie-amisdesainthubert.com,GARD,54,14,,,1
GARDERIE ÉDUCATIVE LES SENTIERS DE L'ENFANCE,16 - Montérégie,"4600, rue Armand-Frappier",Saint-Hubert,J3Z 1G5,"(450) 676-2483, poste 10",,direction@sentiersdelenfance.com,GARD,80,10,,,1
GARDERIE ÉDUCATIVE RAYON DE LUNE,16 - Montérégie,"3910, montée St-Hubert",Saint-Hubert,J3Y 4K3,(450) 443-1234,,g.rayondelune@live.ca,GARD,74,0,,,1
L'ACADÉMIE DES PETITS EXPLORATEURS 2 INC.,16 - Montérégie,"5949, boulevard Payer",Saint-Hubert,J3Y 6W6,(514) 962-2725,,petitsexplorateurs2@gmail.com,GARD,69,10,,,1
L'ACADÉMIE DES PETITS EXPLORATEURS INC.,16 - Montérégie,"5979, boulevard Payer",Saint-Hubert,J3Y 6W6,(450) 656-8080,,petitsexplorateurs1@gmail.com,GARD,75,15,,,1
L'ACADÉMIE LES PETITS SPORTIFS DE ST. HUBERT,16 - Montérégie,"7020, Grande Allée",Saint-Hubert,J3Y 1C4,(450) 445-3020,(450) 445-4851,lespetitssportifsdesthubert@gmail.com,GARD,80,15,,,1
L'ARBRE ENCHANTEUR,16 - Montérégie,"5791, boulevard Cousineau",Saint-Hubert,J3Y 7P5,(514) 621-6413,,garderielarbreenchanteur@gmail.com,GARD,66,10,,,1
LA BERGERIE DU ROI INC.,16 - Montérégie,"4975, boulevard Sir Wilfrid-Laurier, 2e étage",Saint-Hubert,J3Y 7R6,(450) 445-6566,,administration@bergerieduroi.com,GARD,80,14,CR,,1
LA GIRAFE ROSE INC.,16 - Montérégie,"100-1400, boulevard Edouard, local 100 et 105",Saint-Hubert,J4T 3T2,(450) 486-1922,,nancy@lagiraferose.com,GARD,78,10,,,1
LA GRANDE ÉCHELLE,16 - Montérégie,"3572, boulevard Mountainview",Saint-Hubert,J3Y 5N6,(514) 962-0894,,royaumedanis@gmail.com,GARD,42,10,,,1
LA PETITE ACADÉMIE MARIE-LAURIER (CAMPUS LONGUEUIL),16 - Montérégie,"4505, rue Leckie",Saint-Hubert,J3Y 9E6,(450) 923-2787,(450) 923-2291,academie@marielaurier.com,GARD,80,15,,,1
LES ESPIÈGLES RIENT INC.,16 - Montérégie,"3467, boulevard Gaétan Boucher",Saint-Hubert,J3Y 8Y3,(450) 678-3336,,lesespieglesrient@gmail.com,GARD,80,0,CR,,1
LES FAUVETTES BLEUES INC.,16 - Montérégie,"3729, rue Windsor",Saint-Hubert,J4T 2Z5,(514) 240-2736,,lisha1103@hotmail.com,GARD,63,0,CR,,1
CENTRE DE LA PETITE ENFANCE ENFANT LUMIÈRE,16 - Montérégie,"175, rue Saint-Germain",Saint-Hugues,J0H 1N0,(450) 794-2288,(450) 794-2465,enfantlumiere@cablevision.qc.ca,CPE,60,10,CR,,0
AU PAYS ENCHANTÉ MASKOUTAIN INC.,16 - Montérégie,"750, rue Villeneuve Ouest",Saint-Hyacinthe,J2T 2H8,(450) 252-5123,(450) 252-6123,paysenchantem@hotmail.com,GARD,70,20,CR,,0
"CENTRE DE LA PETITE ENFANCE ""LES JARDINS D'HONORINE"" INC.",16 - Montérégie,"1025, rue Gauthier",Saint-Hyacinthe,J2S 1G5,(450) 778-1777,(450) 778-1017,cpejh@maskatel.net,CPE,60,10,CR,,0
"CENTRE DE LA PETITE ENFANCE ""LES JARDINS D'HONORINE"" INC. - MONETTE",16 - Montérégie,"2800, rue Monette",Saint-Hyacinthe,J2S 6A5,,,cpejh@maskatel.net,CPE,53,5,CR,,0
CENTRE DE LA PETITE ENFANCE L'AMIBULLE - INSTALLATION DES MOISSONS,16 - Montérégie,"1305, boul. Casavant Est",Saint-Hyacinthe,J2S 7J4,"(450) 252-2363, poste 21",,ddelisle@amibulle.com,CPE,62,10,CR,,0
CENTRE DE LA PETITE ENFANCE L'AMIBULLE - INSTALLATION DES SEMAILLES,16 - Montérégie,"7015, rue des Semailles",Saint-Hyacinthe,J2R 1B4,(450) 796-3344,,ddelisle@amibulle.com,CPE,60,10,CR,,0
CENTRE DE LA PETITE ENFANCE LE CARREFOUR DES CHANTERELLES,16 - Montérégie,"2150, rue Mailhot",Saint-Hyacinthe,J2S 9E1,,,carrefourdeschanterellesdirection@outlook.com,CPE,80,15,CR,,0
CENTRE DE LA PETITE ENFANCE LES COQUELICOTS INC.,16 - Montérégie,"1700, rue Sainte-Madeleine",Saint-Hyacinthe,J2T 0G2,(450) 774-7239,(450) 774-9986,dg@cpecoquelicots.com,CPE,62,10,CR,,0
CENTRE DE LA PETITE ENFANCE LES COQUELICOTS INC.,16 - Montérégie,"2420, rue Lambert-Sarazin",Saint-Hyacinthe,J2T 0C9,(450) 774-7239,(450) 774-9986,dg@cpecoquelicots.com,CPE,62,10,CR,,0
CENTRE DE LA PETITE ENFANCE MAFAMIGARDE,16 - Montérégie,"13570, avenue de l'Église",Saint-Hyacinthe,J2R 2J2,(450) 799-2500,,chantal.pelletier@mafamigarde.com,CPE,84,10,CR,,0
CENTRE DE LA PETITE ENFANCE MAFAMIGARDE (INST. SAINT-HYACINTHE),16 - Montérégie,"485, avenue Brodeur",Saint-Hyacinthe,J2S 4J4,"(450) 799-2500, poste 203",(450) 799-2502,chantal.pelletier@mafamigarde.com,CPE,39,5,CR,,0
CENTRE DE LA PETITE ENFANCE PLUS GRAND QUE NATURE,16 - Montérégie,"7225, boulevard Laframboise",Saint-Hyacinthe,J2R 1E3,(450) 796-4452,(450) 796-6046,dg@cpenature.com,CPE,38,5,CR,,0
"CPE ALAKAZOUM, INSTALLATION GALOPIN RAYÉ",16 - Montérégie,"3050, rue Boullé",Saint-Hyacinthe,J2S 1H9,(450) 773-1223,(450) 771-7190,dg@cpealakazoum.ca,CPE,61,10,CR,,0
"CPE ALAKAZOUM, INSTALLATION PETIT SABOT",16 - Montérégie,"3222, rue Sicotte",Saint-Hyacinthe,J2S 2M2,(450) 773-1223,,dg@cpealakazoum.ca,CPE,61,10,CR,,0
GARDERIE CRAYON PASTEL,16 - Montérégie,"5925, rue Lafleur",Saint-Hyacinthe,J2S 3Y8,,,crayon.pastel@cgocable.ca,GARD,48,5,CR,,0
GARDERIE LES ARCS-EN-CIEL FRANLOU INC.,16 - Montérégie,"3095, rue Saint-Charles",Saint-Hyacinthe,J2T 1X3,(450) 778-5750,(450) 778-1501,tijr@videotron.ca,GARD,77,0,CR,,0
LA GARDIENNE INC.,16 - Montérégie,"1355, Calixa-Lavallée",Saint-Hyacinthe,J2S 3E7,(450) 768-4410,(450) 464-9288,garderielagardienne@gmail.com,GARD,80,10,,,0
LA PETITE ACADÉMIE DU BOISÉ INC.,16 - Montérégie,"1090, avenue Pratte",Saint-Hyacinthe,J2S 4B6,(450) 771-0644,(450) 771-7242,direction@lapetiteacademie.qc.ca,GARD,15,0,,,0
LE PARADIS DES PETITS ANGES,16 - Montérégie,"2065, rue Cherrier",Saint-Hyacinthe,J2S 1G7,(438) 933-1909,,paradisdespetitsanges@hotmail.com,GARD,57,15,,,0
LE ZIRAFO EN ESPADRILLES,16 - Montérégie,"6250, boulevard Laurier Ouest",Saint-Hyacinthe,J2S 9A4,(450) 278-9163,,info@garderielezirafo.com,GARD,80,20,,,0
PRÉMATERNELLE LE ZIRAFO EN ESPADRILLES,16 - Montérégie,"6260, boulevard Laurier Ouest",Saint-Hyacinthe,J2S 9A4,(450) 278-9163,,naultsabrina@hotmail.com,GARD,60,0,,,0
GARDERIE LILI-JEANNE,16 - Montérégie,"597, rang Saint-Régis",Saint-Isidore,J0L 2A0,(450) 454-2528,,garderielilijeannegw@gmail.com,GARD,39,5,,,1
CENTRE DE LA PETITE ENFANCE ROULE TA POMME INC.,16 - Montérégie,"3270, rue Robert",Saint-Jean-Baptiste,J0L 2B0,(450) 536-7666,(450) 536-6111,msh@rouletapomme.com,CPE,50,10,CR,,1
C.P.E. LE PETIT MONDE DE CALIMÉRO INC.,16 - Montérégie,"395, rue Vaudreuil",Saint-Jean-sur-Richelieu,J3B 3A6,"(450) 346-6626, poste 4024",(450) 346-4915,isabelle.brodeur@cpecalimero.com,CPE,29,0,CR,,0
C.P.E. LE PETIT MONDE DE CALIMÉRO INC. (INST. SAINT-JEAN-SUR-RICHELIEU),16 - Montérégie,"215, rue Saint-Paul, suite 130",Saint-Jean-sur-Richelieu,J3B 0H9,,,,CPE,67,15,CR,,0
CENTRE DE LA PETITE ENFANCE CHEZ FANFAN,16 - Montérégie,"51, rue Frontenac",Saint-Jean-sur-Richelieu,J3B 2Y3,(450) 346-5312,,cpechezfanfan1972@gmail.com,CPE,62,10,CR,,0
CENTRE DE LA PETITE ENFANCE CHEZ FANFAN,16 - Montérégie,"51B, rue Frontenac",Saint-Jean-sur-Richelieu,J3B 2Y3,(450) 346-5312,(450) 346-5319,cpezchezfanfan1972@gmail.com,CPE,80,10,CR,,0
CENTRE DE LA PETITE ENFANCE DE SAINT-LUC,16 - Montérégie,"240, rue France",Saint-Jean-sur-Richelieu,J2W 1G1,(450) 348-1031,,joanie.boucher@cpest-luc.ca,CPE,55,5,CR,,0
CENTRE DE LA PETITE ENFANCE DE SAINT-LUC,16 - Montérégie,"1463, rue Bernier",Saint-Jean-sur-Richelieu,J2W 1G1,,,joanie.boucher@cpest-luc.ca,CPE,80,10,CR,,0
CENTRE DE LA PETITE ENFANCE DE SAINT-LUC,16 - Montérégie,"1459, rue Bernier",Saint-Jean-sur-Richelieu,J2W 1G1,(450) 348-1031,,joanie.boucher@cpest-luc.ca,CPE,60,10,CR,,0
CENTRE DE LA PETITE ENFANCE DU HAUT-RICHELIEU (INSTALLATION 1),16 - Montérégie,"935, rue Desaulniers",Saint-Jean-sur-Richelieu,J3A 1X8,(450) 359-9757,,services@cpehr.ca,CPE,52,10,CR,,0
CENTRE DE LA PETITE ENFANCE DU HAUT-RICHELIEU (INSTALLATION 2),16 - Montérégie,"935, rue Desaulniers",Saint-Jean-sur-Richelieu,J3A 1X8,(450) 359-9757,,services@cpehr.ca,CPE,60,10,CR,,0
"CENTRE DE LA PETITE ENFANCE JOIE DE VIVRE ""L'ENVOLÉE DES PAPILLONS""",16 - Montérégie,"147, rue Roman",Saint-Jean-sur-Richelieu,J3B 3Z2,"(450) 346-4149, poste 4101",(450) 358-5908,marie-josee.boivin@cpejoiedevivre.com,CPE,50,5,CR,,0
"CENTRE DE LA PETITE ENFANCE JOIE DE VIVRE ""LES AMIS DE LA RIVIÈRE""",16 - Montérégie,"433, rue Laurier",Saint-Jean-sur-Richelieu,J3B 6L8,"(450) 346-4149, poste 4133",(450) 346-2302,marie-josee.boivin@cpejoiedevivre.com,CPE,38,5,CR,,0
CENTRE DE LA PETITE ENFANCE L'UNIVERS DES PETITS INC.,16 - Montérégie,"970, rue Choquette",Saint-Jean-sur-Richelieu,J3A 1V6,(450) 349-5522,(450) 349-0325,dg.universdespetits@videotron.ca,CPE,80,10,CR,,0
CENTRE DE LA PETITE ENFANCE LA P'TITE CABOCHE,16 - Montérégie,"180, rue Lareau",Saint-Jean-sur-Richelieu,J2X 2R6,(450) 346-1278,(450) 359-2632,veronique.tremblay@cpecaboche.com,CPE,34,0,CR,,0
CENTRE DE LA PETITE ENFANCE LA P'TITE CABOCHE,16 - Montérégie,"405, rue Coderre",Saint-Jean-sur-Richelieu,J3B 7J8,,,manon.poirier@cpecaboche.com,CPE,80,10,CR,,0
CENTRE DE LA PETITE ENFANCE LA P'TITE CABOCHE,16 - Montérégie,"202, rue Courville",Saint-Jean-sur-Richelieu,J2W 2Y9,(450) 349-1992,,manon.poirier@cpecaboche.com,CPE,52,10,CR,,0
CENTRE DE LA PETITE ENFANCE LES POUSSINEAUX,16 - Montérégie,"1045, rue Provençal",Saint-Jean-sur-Richelieu,J3B 8P6,(450) 346-7811,,josee.boivin@lespoussineaux.com,CPE,80,20,CR,,0
CENTRE DE LA PETITE ENFANCE LES POUSSINEAUX,16 - Montérégie,"101, rue Pierre-Brault",Saint-Jean-sur-Richelieu,J2Y 1A4,(450) 357-1164,,,CPE,80,10,CR,,0
CENTRE DE LA PETITE ENFANCE O MILLE BALLONS,16 - Montérégie,"125, chemin de l'Aéroport",Saint-Jean-sur-Richelieu,J3B 7B5,(450) 358-7321,(450) 346-3820,info@cpeomilleballons.org,CPE,80,10,CR,,0
CENTRE ÉDUCATIF À CIEL OUVERT (ST-LUC),16 - Montérégie,"66, rue Pierre-Brosseau",Saint-Jean-sur-Richelieu,J2W 1X9,(450) 348-7325,,jeremycola@groupecsg.com,GARD,49,6,CR,,0
GARDERIE ALAKAZOU ENR.,16 - Montérégie,"475, 2e Avenue",Saint-Jean-sur-Richelieu,J2X 5H9,(450) 347-2320,(450) 347-4923,garderiealakazou@outlook.com,GARD,80,10,CR,,0
GARDERIE BOULE D'ÉNERGIE,16 - Montérégie,"196, rue St-Louis, bureau 103",Saint-Jean-sur-Richelieu,J3B 1Y1,(514) 996-9220,,ndumas002@videotron.ca,GARD,57,20,,,0
GARDERIE BOULE D'ÉNERGIE 2,16 - Montérégie,"198, rue St-Louis, bureau 104",Saint-Jean-sur-Richelieu,J3B 1Y1,,,ndumas002@videotron.ca,GARD,64,0,,,0
GARDERIE BRIN D'ÉNERGIE,16 - Montérégie,"606, rue Champlain, suite 102",Saint-Jean-sur-Richelieu,J3B 6X1,(450) 741-1230,,info@brindenergie.ca,GARD,54,10,,,0
GARDERIE BRIN D'ÉNERGIE,16 - Montérégie,"608, rue Champlain",Saint-Jean-sur-Richelieu,J3B 6X1,(450) 741-1230,(450) 376-4060,ndumas002@videotron.ca,GARD,69,19,,,0
GARDERIE DU TERMINUS,16 - Montérégie,"650, rue Boucher, suite 202",Saint-Jean-sur-Richelieu,J3B 7Z8,"(450) 376-3286, poste 222",(450) 376-3286,sbouchard@hotmail.fr,GARD,100,20,CR,,0
GARDERIE FRISBI ET COMPAGNIE,16 - Montérégie,"115, rue Towner",Saint-Jean-sur-Richelieu,J3B 0B8,,,garderie.frisbi@videotron.ca,GARD,60,10,CR,,0
GARDERIE LES APPRENTIS EXPLORATEURS INC.,16 - Montérégie,"385, rue des Colibris",Saint-Jean-sur-Richelieu,J2W 0B3,(450) 376-9909,,st-jean@lesapprentisexplorateurs.ca,GARD,75,15,,,0
GARDERIE ÉDUCATIVE PERLE DE LUNE INC.,16 - Montérégie,"1095, rue Bernier",Saint-Jean-sur-Richelieu,J2W 1X4,(450) 349-7051,,xlz_sharon@hotmail.com,GARD,80,10,CR,,0
LA FORÊT ENCHANTÉE,16 - Montérégie,"880, 2e Rue",Saint-Jean-sur-Richelieu,J2X 3J1,(450) 347-5963,(450) 347-6338,dg.universdespetits@videotron.ca,CPE,75,15,CR,,0
LA PETITE MAISON JOHANNAISE,16 - Montérégie,"112, boulevard Saint-Luc, local 101",Saint-Jean-sur-Richelieu,J3A 1G2,,,nathalie.lpmj@videotron.ca,GARD,80,10,,,0
LA PETITE MAISON JOHANNAISE 2.0,16 - Montérégie,"112, boulevard Saint-Luc, suite 102",Saint-Jean-sur-Richelieu,J3A 1G2,(450) 376-4422,(450) 376-1100,nathalie.lpmj@videotron.ca,GARD,20,10,,,0
LE CENTRE DE LA PETITE ENFANCE L'ARC-EN-JOIE,16 - Montérégie,"201, rue Grenier",Saint-Jean-sur-Richelieu,J2W 1P8,(450) 348-4058,(450) 348-9903,arc.diane@videotron.ca,CPE,60,10,CR,,0
LE PARADIS DES PETITS,16 - Montérégie,"440, boulevard Saint-Luc, local 104",Saint-Jean-sur-Richelieu,J2W 0E2,,,info@leparadisdespetits.ca,GARD,79,19,,,0
LE PARADIS DES PETITS 2,16 - Montérégie,"440, boulevard St-Luc, local 106",Saint-Jean-sur-Richelieu,J2W 0E2,(450) 376-7774,(450) 359-7680,iverdon@videotron.ca,GARD,20,0,,,0
LES PETITS BOUBOU INC.,16 - Montérégie,"550, boulevard de Normandie, bureau 900",Saint-Jean-sur-Richelieu,J3B 4W9,(450) 349-2278,,petitsboubou@gmail.com,GARD,50,10,CR,,0
MADAME ABC,16 - Montérégie,"90A, route 104",Saint-Jean-sur-Richelieu,J2X 1H1,(450) 357-1717,(450) 357-1713,josee@madameabc.com,GARD,38,0,,,0
ODYSSÉE SIEURS D'IBERVILLE 715-104,16 - Montérégie,"715, boulevard d'Iberville, suite 104",Saint-Jean-sur-Richelieu,J2X 4S7,(450) 376-1744,(450) 741-7534,jade.samson@gpesamson.ca,GARD,60,10,CR,,0
ODYSSÉE SIEURS D'IBERVILLE 735,16 - Montérégie,"735, boulevard d'Iberville",Saint-Jean-sur-Richelieu,J2X 4S7,(450) 376-1744,(450) 741-7534,jade.samson@gpesamson.ca,GARD,80,10,CR,,0
PLANÈTE DES TOUTS-PETITS,16 - Montérégie,"295, boulevard St-Luc",Saint-Jean-sur-Richelieu,J2W 1C5,,,,GARD,80,15,CR,,0
SERVICE DE GARDE BELLES AVENTURES INC.,16 - Montérégie,"115, rue des Mimosas",Saint-Jean-sur-Richelieu,J2X 5P7,(450) 358-0808,(450) 358-8383,garderiebellesaventures@gmail.com,GARD,80,15,,,0
ÉCOLE TRILINGUE VISION ST-JEAN,16 - Montérégie,"425, rue des Colibris",Saint-Jean-sur-Richelieu,J2W 0B3,(450) 349-1718,,stjean@ecolevision.com,GARD,54,0,,,0
CENTRE DE LA PETITE ENFANCE LA MARELLE INC. (MARIE-STELLA),16 - Montérégie,"1009, rue Saint-Pierre",Saint-Joseph-de-Sorel,J3R 1B3,(450) 742-0567,(450) 742-2851,marelle@videotron.ca,CPE,38,5,CR,,0
CENTRE DE LA PETITE ENFANCE DU MOUILLEPIED INC.,16 - Montérégie,"510, avenue Mercille",Saint-Lambert,J4P 2L7,(450) 671-3432,(450) 671-8687,direction_generale@mouillepied.com,CPE,60,5,CR,,1
CENTRE DE LA PETITE ENFANCE DU MOUILLEPIED INC.,16 - Montérégie,"266, avenue Saint-Denis",Saint-Lambert,J4P 2G3,(450) 671-4747,(450) 671-8084,direction_generale@mouillepied.com,CPE,80,10,CR,,1
GARDERIE ÉDUCATIVE L'ARC-EN-CIEL,16 - Montérégie,"2035-F, avenue Victoria",Saint-Lambert,J4S 1H1,(450) 672-9199,(450) 672-9905,garderiearcenciel@hotmail.com,GARD,80,15,CR,,1
GARDERIE ÉDUCATIVE LES COLIBRIS,16 - Montérégie,"2071-2073, rue Victoria",Saint-Lambert,J4S 1H1,(450) 812-8428,,info@les-colibris.ca,GARD,80,10,,,1
GARDERIE ÉDUCATRICE RIVERSIDE,16 - Montérégie,"185, rue Riverside",Saint-Lambert,J4R 1A7,(450) 466-9400,(514) 466-0130,garderieeducativeriverside@yahoo.ca,GARD,75,15,,,1
LA GAZOUILLERIE,16 - Montérégie,"480-482-484, rue Rothesay",Saint-Lambert,J4R 2H5,(450) 466-2442,,gazouillerie@videotron.ca,GARD,80,15,,,1
LE CENTRE DE LA PETITE ENFANCE DE SAINT-LAMBERT AGATHE LA GIRAFE,16 - Montérégie,"201, rue Cartier",Saint-Lambert,J4P 3P8,(450) 671-8703,,lcamerlain@cpest-lambert.com,CPE,93,15,CR,,1
LE CENTRE DE LA PETITE ENFANCE DE SAINT-LAMBERT AGATHE LA GIRAFE,16 - Montérégie,"50, avenue Sainte-Hélène",Saint-Lambert,J4R 1S2,(450) 671-8703,,,CPE,80,10,CR,,1
CENTRE EDUCATIF DU VILLAGE DE ST-LAZARE INC. / VILLAGE LEARNING CENTRE OF ST-LAZARE INC.,16 - Montérégie,"1720, chemin Sainte-Angélique",Saint-Lazare,J7T 2X8,(450) 424-5122,(450) 424-0767,magdihanna@hotmail.com,GARD,80,10,CR,,1
GARDERIE ENFANTASTIX INC.,16 - Montérégie,"1439, chemin Sainte-Angélique",Saint-Lazare,J7T 1Y9,(450) 455-0707,(450) 455-0714,enfantastix@hotmail.ca,GARD,93,15,CR,,1
GARDERIE NANCY BB+ INC.,16 - Montérégie,"1478B, chemin Sainte-Angélique",Saint-Lazare,J7T 1Y6,(450) 455-6611,(450) 455-2330,garderienancybb@gmail.com,GARD,39,15,CR,,1
GARDERIE NANCY INC.,16 - Montérégie,"1478, chemin Sainte-Angélique",Saint-Lazare,J7T 1Y6,(450) 455-6611,,garderienancybb@gmail.com,GARD,80,0,CR,,1
GARDERIE PRÉCIEUX CARGO (SAINT-LAZARE) INC.,16 - Montérégie,"1475, chemin Sainte Angélique",Saint-Lazare,J7T 1Y6,(450) 218-6292,(450) 218-6392,preciouscargostlazare@outlook.com,GARD,70,10,CR,,1
GARDERIE UN MONDE JUSTE POUR NOUS INC.,16 - Montérégie,"499D, route de la Cité-des-Jeunes",Saint-Lazare,J7T 2A7,(450) 218-1820,,unmondejustepournous@gmail.com,GARD,80,12,CR,,1
GARDERIE ÉDUCATIVE ENFANT CITÉ INC.,16 - Montérégie,"2190, chemin Sainte-Angélique",Saint-Lazare,J7T 2H4,(514) 316-5588,,garderieenfantcite@gmail.com,GARD,100,25,CR,,1
LE ROYAUME DES ENFANTS DE ST-LAZARE II INC.,16 - Montérégie,"2222, chemin Sainte-Angélique",Saint-Lazare,J7T 2H4,(450) 510-2277,(450) 424-7388,garderie@royaumeenfants.com,GARD,80,10,CR,,1
LE ROYAUME DES ENFANTS DE ST-LAZARE INC.,16 - Montérégie,"2277, chemin Sainte-Angélique",Saint-Lazare,J7T 2H5,(450) 510-2277,(450) 424-7388,garderie@royaumeenfants.com,GARD,80,10,CR,,1
LES AMIS DU CARRÉ DE SABLE,16 - Montérégie,"1450, avenue Bédard",Saint-Lazare,J7T 2W9,(450) 424-2342,,slefebvre@cpeamissable.org,CPE,60,10,CR,,1
LES AMIS DU CHÂTEAU DE SABLE,16 - Montérégie,"2270, chemin Sainte-Angélique",Saint-Lazare,J7T 2H5,(450) 424-6888,(450) 424-5687,gemond@cpeamissable.org,CPE,74,10,CR,,1
PETITE ÉCOLE MONTESSORI INC.,16 - Montérégie,"1545, chemin Sainte-Angélique",Saint-Lazare,J7T 2X2,(450) 424-4960,(450) 424-4960,ndavies@ecolemontessori.ca,GARD,48,0,,,1
SERVICE DE GARDE NIDO SAINT-LAZARE,16 - Montérégie,"1549, chemin Sainte-Angélique",Saint-Lazare,J7T 1Y6,(450) 424-4960,,edavies@ecolemontessori.ca,GARD,48,0,CR,,1
CENTRE DE LA PETITE ENFANCE DOUX RÉVEIL,16 - Montérégie,"11, place Mauriac",Saint-Liboire,J0H 1R0,(450) 793-3111,(450) 793-3112,dg@cpedouxreveil.ca,CPE,68,10,CR,,0
CENTRE DE LA PETITE ENFANCE LA CAMPINOISE,16 - Montérégie,"150, rue Principale",Saint-Louis-de-Gonzague,J0S 1T0,,,,CPE,60,10,CR,,0
GARDERIE PRÉSCOLAIRE DES PETITS PIEDS ll INC.,16 - Montérégie,"100, rue Sainte-Marie",Saint-Louis-de-Gonzague,J0S 1T0,(450) 617-0648,,annydubois@hotmail.com,GARD,80,15,,,0
CENTRE DE LA PETITE ENFANCE LA PASSERELLE,16 - Montérégie,"148, rue Moreau",Saint-Marc-sur-Richelieu,J0L 2E0,(514) 608-9826,,claudette.paquette@cpelapasserelle.com,CPE,78,10,CR,,0
GARDERIE LES FRACO-MOUSSES,16 - Montérégie,"254, chemin des Patriotes",Saint-Mathias-sur-Richelieu,J3L 6A3,(450) 658-8166,,fraco-mousses@fraco.com,GARD,76,10,CR,,1
GARDERIE LES PETITS MATHIASSOIS,16 - Montérégie,"18, rue Lussier",Saint-Mathias-sur-Richelieu,J3L 6A4,(450) 447-8829,(450) 447-5094,xmluoroger@hotmail.com,GARD,80,10,CR,,1
CPE LES COPAINS D'ABORD INSTALLATION ST-MATHIEU-DE-BELOEIL,16 - Montérégie,"5000, rue des Loisirs",Saint-Mathieu-de-Beloeil,J3G 2C9,,,,CPE,34,8,CR,,1
C.P.E. DU JARDIN FLEURI,16 - Montérégie,"690, chemin Rhéaume",Saint-Michel,J0L 2J0,(450) 454-0021,(450) 454-0021,jardinfleuri@bellnet.ca,CPE,31,5,CR,,0
GARDERIE L'ÎLE AUX OISEAUX INC.,16 - Montérégie,"1688, rue Principale",Saint-Michel,J0L 2J0,(450) 454-4084,,dyane.gregoire@gmail.com,GARD,62,10,,,0
CPE LES COPAINS D'ABORD INSTALLATION ST-OURS,16 - Montérégie,"96, rue Curé-Beauregard",Saint-Ours,J0G 1P0,,,,CPE,41,8,CR,,0
AU COEUR DU JARDIN,16 - Montérégie,"222, rue des Loisirs",Saint-Patrice-de-Sherrington,J0L 2N0,(450) 454-0066,(450) 454-3606,dg@cpejeunespousses.ca,CPE,39,5,CR,,0
CENTRE DE LA PETITE ENFANCE L'AMUS'AILES,16 - Montérégie,"1075, rue Yamaska",Saint-Paul-d'Abbotsford,J0E 1A0,(450) 379-9695,,dg@cpelamusailes.ca,CPE,62,10,CR,,0
GARDERIE DE L'ÎLE AUX NOIX,16 - Montérégie,"13, rue des Noyers",Saint-Paul-de-l'Île-aux-Noix,J0J 1G0,(450) 542-1718,,garderie.ileauxnoix@gmail.com,GARD,60,10,,,0
"BULLES & BOUSSOLES, GARDERIE ALTERNATIVE ÉCORESPONSABLE",16 - Montérégie,"3035, route Édouard VII, suite 102",Saint-Philippe,J0L 2K0,(514) 264-1788,,garderiebullesetboussoles@gmail.com,GARD,80,20,,,1
CENTRE DE LA PETITE ENFANCE SAINT-PHILIPPE,16 - Montérégie,"49, rue des Érables",Saint-Philippe,J0L 2K0,(450) 444-9668,,cpestphilippe@videotron.ca,CPE,80,10,CR,,1
CENTRE DE LA PETITE ENFANCE LES P'TITES PIES,16 - Montérégie,"137, rue Nichols",Saint-Pie,J0H 1W0,(450) 772-6776,(450) 772-5408,info@petitespies.com,CPE,60,10,CR,,0
GARDERIE ÉDUCATIVE ENFANT VILLAGE INC.,16 - Montérégie,"291, rue Sainte-Catherine",Saint-Polycarpe,J0P 1X0,(450) 265-3437,,garderieeducativeenfantvillage@hotmail.com,GARD,80,20,CR,,0
C.P.E. DU JARDIN FLEURI,16 - Montérégie,"81, rue Saint-André",Saint-Rémi,J0L 2L0,(450) 454-6181,(450) 454-6666,jardinfleuri@bellnet.ca,CPE,65,5,CR,,0
LA MAISONNÉE DES P'TITS INC.,16 - Montérégie,"1420, place des Graminées",Saint-Rémi,J0L 2L0,(450) 992-0940,,mouane@hotmail.com,GARD,77,10,,,0
LA PETITE MATERNELLE,16 - Montérégie,"44, rue Chèvrefils",Saint-Rémi,J0L 2L0,(450) 992-1345,,garderielapetitematernelle@hotmail.com,GARD,80,15,,,0
CENTRE DE LA PETITE ENFANCE MAFAMIGARDE,16 - Montérégie,"1009, 1er Avenue",Saint-Valérien-de-Milton,J0H 2B0,,,,CPE,39,5,CR,,0
"COIN DES LUTINS, ST-ZOTIQUE II",16 - Montérégie,"5, avenue des Maîtres",Saint-Zotique,J0P 1Z0,(514) 885-5160,(450) 308-3309,info@coindeslutins.com,GARD,60,10,CR,,0
"COIN DES LUTINS, ST-ZOTIQUE INC.",16 - Montérégie,"215, 34e Avenue",Saint-Zotique,J0P 1Z0,(450) 267-3087,(450) 308-3309,info@coindeslutins.com,GARD,100,25,CR,,0
GARDERIE DE LA PETITE FAMILLE INC.,16 - Montérégie,"456, 34e avenue",Saint-Zotique,J0P 1Z0,(450) 217-1870,,chantalrainville@petitefamille.ca,GARD,70,10,,,0
GARDERIE PARADIS DES PETITS AMIS,16 - Montérégie,"1010, rue Principale",Saint-Zotique,J0P 1Z0,(450) 217-2888,,info_paradis@yahoo.ca,GARD,80,10,CR,,0
GARDERIE ÉDUCATIVE LES PETITS TRÉSORS INC.,16 - Montérégie,"1186, rue Principale",Saint-Zotique,J0P 1Z0,(450) 217-1335,,gelespetitstresors@hotmail.fr,GARD,42,10,,,0
C.P.E. DU JARDIN FLEURI,16 - Montérégie,"3, rue Derome",Saint-Édouard,J0L 1Y0,(450) 454-0550,(450) 454-4849,jardinfleuri@bellnet.ca,CPE,44,10,CR,,0
CENTRE DE LA PETITE ENFANCE LA P'TITE CABOCHE,16 - Montérégie,"1171, 28ième Avenue",Sainte-Anne-de-Sabrevois,J0J 2G0,(450) 347-5771,,manon.poirier@cpecaboche.com,CPE,63,5,CR,,0
ACADÉMIE PRÉSCOLAIRE LES PETITES ÉTOILES DE LA RIVE INC.,16 - Montérégie,"5900, route 132",Sainte-Catherine,J5C 1B6,(450) 638-9899,,lesetoilesdelarive@gmail.com,GARD,56,10,,,1
CPE LA BOÎTE À BIZOUS,16 - Montérégie,"5161, boulevard Saint-Laurent",Sainte-Catherine,J5C 1A6,(450) 638-2000,(450) 638-4847,louise.poulin@laboiteabizous.ca,CPE,80,10,CR,,1
CPE SOLEIL SOURIANT,16 - Montérégie,"1724, rue Centrale",Sainte-Catherine,J5C 1G5,(450) 635-2446,(450) 635-2049,,CPE,44,10,CR,,1
GARDERIE LES BOUTS DE PAPIER INC.,16 - Montérégie,"3600, boulevard Saint-Laurent",Sainte-Catherine,J5C 1V8,(450) 638-3108,,garderie.boutsdepapier@videotron.ca,GARD,76,0,CR,,1
GARDERIE PRIVÉE INTERNATIONALE STE-CATHERINE,16 - Montérégie,"520, rue Centrale",Sainte-Catherine,J5C 1A2,(450) 632-1225,(450) 632-1225,garderiepriveeint@gmail.com,GARD,34,0,CR,,1
LA PETITE LUNE STE-CATHERINE,16 - Montérégie,"4020, rue des Aigles",Sainte-Catherine,J5C 0B9,(514) 827-5066,,montrealmavilleca@yahoo.ca,GARD,80,20,,,1
LE PETIT SOLEIL STE-CATHERINE,16 - Montérégie,"4020, rue des Aigles",Sainte-Catherine,J5C 0B9,(514) 827-5066,(450) 635-9888,montrealmavilleca@yahoo.ca,GARD,80,10,CR,,1
C.P.E. DU JARDIN FLEURI,16 - Montérégie,"2321, rue Sainte-Clotilde",Sainte-Clotilde-de-Châteauguay,J0L 1W0,(450) 826-1111,,adjointe@cpejardinfleuri.ca,CPE,31,5,CR,,0
ACADÉMIE ÉDUCATIVE DE STE-JULIE,16 - Montérégie,"780, montée Sainte-Julie, bureau 100",Sainte-Julie,J3E 2C4,(450) 649-6969,(450) 649-6969,academieeducativedestejulie@videotron.ca,GARD,80,10,CR,,1
CENTRE DE LA PETITE ENFANCE  LA GRANDE OURSE,16 - Montérégie,"2100, rue Darwin",Sainte-Julie,J3E 1W6,,,mepelletier@cpelagrandeourse.com,CPE,80,15,CR,,1
CENTRE DE LA PETITE ENFANCE JULIE-SOLEIL,16 - Montérégie,"280, rue du Grand-Coteau",Sainte-Julie,J3E 3H2,(450) 649-6071,(450) 649-9937,cpe_julie_soleil@videotron.ca,CPE,49,5,CR,,1
CENTRE DE LA PETITE ENFANCE JULIE-SOLEIL,16 - Montérégie,"375, rue Marie-Curie",Sainte-Julie,J3E 1A4,(450) 649-6071,(450) 649-9937,,CPE,80,10,CR,,1
CENTRE DE LA PETITE ENFANCE JULIE-SOLEIL,16 - Montérégie,"1500, rue Principale",Sainte-Julie,J3E 1W6,(450) 649-2344,(450) 649-7792,,CPE,80,5,CR,,1
CENTRE DE LA PETITE ENFANCE LA GRANDE OURSE,16 - Montérégie,"2600, rue Principale",Sainte-Julie,J3E 2H6,(450) 649-2273,,mepelletier@cpelagrandeourse.com,CPE,80,15,CR,,1
CENTRE DE LA PETITE ENFANCE MIEL ET MELON,16 - Montérégie,"2109, rue Borduas",Sainte-Julie,J3E 2L5,,,cpemieletmelon@bellnet.ca,CPE,57,5,CR,,1
CENTRE DE LA PETITE ENFANCE MIEL ET MELON,16 - Montérégie,"640, boulevard N.-P.-Lapierre",Sainte-Julie,J3E 2G6,,,,CPE,62,10,CR,,1
CENTRE ÉDUCATIF LES MINI-MOUSSES,16 - Montérégie,"2001, rue Norman-Béthune",Sainte-Julie,J3E 2S7,(450) 986-1590,,minimousses@videotron.ca,GARD,75,15,,,1
GARDERIE LES PETITS PAS,16 - Montérégie,"1668, rue Saint-Louis",Sainte-Julie,J3E 1W9,,,gard-lespetitspas@videotron.ca,GARD,80,15,CR,,1
GARDERIE ÉDUCATIVE LES JARDINS DE L'AVENIR INC.,16 - Montérégie,"371, avenue Jules-Choquet",Sainte-Julie,J3E 1H2,(450) 649-3952,(450) 649-3952,lesjardinsdelavenir@hotmail.ca,GARD,60,0,CR,,1
L'ATELIER DE CLÉO,16 - Montérégie,"1190, boulevard N.-P.-Lapierre",Sainte-Julie,J3E 1T6,(450) 922-2492,,garderie.cleo@videotron.ca,GARD,66,0,CR,,1
ZUKARI,16 - Montérégie,"2133-A, boulevard Armand-Frappier",Sainte-Julie,J3E 2N7,(450) 649-4544,(450) 649-0093,methier@zukari.ca,GARD,35,0,,,1
À CHACUN SON HISTOIRE - SAINTE-JULIE INC.,16 - Montérégie,"320, rue de Murano, suite 201",Sainte-Julie,J3E 0C6,(514) 883-5276,,sophie-lachance@videotron.ca,GARD,80,10,,,1
CENTRE DE LA PETITE ENFANCE LE TEMPS D'UN RÊVE,16 - Montérégie,"425, rue des Fondateurs",Sainte-Madeleine,J0H 1S0,(450) 795-1155,(450) 795-3528,cpeletempsdunreve@cgocable.ca,CPE,91,15,CR,,0
LA MAISON DES COPAINS,16 - Montérégie,"6, rue des Copains",Sainte-Martine,J0S 1V0,"(450) 829-3801, poste 2",(450) 829-3747,direction@cpeabracadabra.com,CPE,75,15,CR,,0
LA PETITE MAGIE,16 - Montérégie,"301, rue Saint-Joseph",Sainte-Martine,J0S 1V0,(450) 427-7575,(450) 427-7373,direction@cpeabracadabra.com,CPE,62,10,CR,,0
MAISON DU PETIT SOLEIL INC.,16 - Montérégie,"10, rue Desrochers",Sainte-Martine,J0S 1V0,(450) 498-6088,(450) 427-2083,maisondupetitsoleil@gmail.com,GARD,32,5,CR,,0
CENTRE DE LA PETITE ENFANCE CADET-ROUSSELLE,16 - Montérégie,"21, boulevard Quévillon, bureau 195",Salaberry-de-Valleyfield,J6T 6L2,(450) 371-8491,(450) 371-4333,j.audette@cpecadetrousselle.com,CPE,60,0,CR,,0
CENTRE DE LA PETITE ENFANCE CADET-ROUSSELLE,16 - Montérégie,"5015, boulevard Hébert",Salaberry-de-Valleyfield,J6S 6C2,(450) 371-2220,,j.audette@cpecadetrousselle.com,CPE,49,5,CR,,0
CENTRE DE LA PETITE ENFANCE CITRONNELLE,16 - Montérégie,"250, rue Saint-Thomas",Salaberry-de-Valleyfield,J6T 6H6,(450) 371-2723,(450) 371-6142,chebert@cpecitronnelle.com,CPE,80,10,CR,,0
CENTRE DE LA PETITE ENFANCE CITRONNELLE,16 - Montérégie,"2, rue Champagne",Salaberry-de-Valleyfield,J6T 2Y4,,,chebert@cpecitronnelle.com,CPE,80,20,CR,,0
CENTRE DE LA PETITE ENFANCE CITRONNELLE,16 - Montérégie,"259, chemin Larocque",Salaberry-de-Valleyfield,J6T 4B8,,,,CPE,80,20,CR,,0
CENTRE DE LA PETITE ENFANCE LA CAMPINOISE,16 - Montérégie,"185, rue Hébert",Salaberry-de-Valleyfield,J6S 6T7,(450) 377-4852,(450) 377-8404,direction@cpecampinoise.com,CPE,80,10,CR,,0
GARDERIE AUX TRÉSORS DE L'ÎLE,16 - Montérégie,"868, avenue Grande-Île",Salaberry-de-Valleyfield,J6S 3N8,(450) 747-1381,,lissaquenneville@hotmail.com,GARD,76,15,,,0
GARDERIE LES PETITS BRICOLEURS INC.,16 - Montérégie,"1321, rue Léger",Salaberry-de-Valleyfield,J6S 6C7,(450) 371-5937,(450) 371-5901,lespetitsbricoleurs@live.ca,GARD,80,20,CR,,0
GARDERIE PORCULUS INC.,16 - Montérégie,"200, rue Alexandre",Salaberry-de-Valleyfield,J6S 5S5,(450) 371-6996,(450) 371-2584,porculus@live.ca,GARD,80,10,CR,,0
GARDERIE PRÉSCOLAIRE DES PETITS PIEDS INC.,16 - Montérégie,"425, boulevard des Érables, bureau 100",Salaberry-de-Valleyfield,J6T 6J5,(450) 371-5355,(450) 371-5855,GPdespetitspieds@hotmail.com,GARD,80,10,,,0
LES AMIS FRIMOUSSES INC.,16 - Montérégie,"551, boulevard Grande-Île",Salaberry-de-Valleyfield,J6S 3N5,(450) 373-0246,,lesamisfrimousses@bellnet.ca,GARD,60,0,CR,,0
ACADÉMIE LES PETITS AMIS,16 - Montérégie,"60, rue Élizabeth, suite 200",Sorel-Tracy,J3P 4G5,(450) 855-7880,,academiepetitsamis@gmail.com,GARD,80,15,,,0
CENTRE DE LA PETITE ENFANCE DANAHÉ,16 - Montérégie,"2255, boulevard Saint-Louis",Sorel-Tracy,J3R 2E4,(450) 746-2999,(450) 746-8606,danahe57@hotmail.com,CPE,29,0,CR,,0
CENTRE DE LA PETITE ENFANCE DES MARGUERITES (1976),16 - Montérégie,"40D, rue Albert",Sorel-Tracy,J3P 3V6,(450) 742-2574,(450) 742-0422,cpedesmarguerites@videotron.ca,CPE,80,0,CR,,0
CENTRE DE LA PETITE ENFANCE LA MARELLE,16 - Montérégie,"5400, rue des Soleils",Sorel-Tracy,J3R 5G2,,,,CPE,60,10,CR,,0
CENTRE DE LA PETITE ENFANCE LA MARELLE INC.,16 - Montérégie,"8300, rue Industrielle",Sorel-Tracy,J3R 5R3,(450) 746-0842,(450) 746-9246,marelle@videotron.ca,CPE,80,0,CR,,0
GARDERIE DES TOURNESOLS,16 - Montérégie,"4193, route Marie-Victorin",Sorel-Tracy,J3R 1P8,(450) 855-1760,,garderiedestournesols@hotmail.com,GARD,72,10,,,0
LA GOÉLETTE,16 - Montérégie,"334, boulevard Fiset",Sorel-Tracy,J3P 3R2,(450) 743-2618,(450) 743-3073,dg@lapetitemarine.ca,CPE,80,10,CR,,0
LES MINIS-MARINS,16 - Montérégie,"1061, rue des Merisiers",Sorel-Tracy,J3P 7P5,(450) 746-7997,(450) 746-1713,dg@lapetitemarine.ca,CPE,52,10,CR,,0
ÉCOLE PRÉ-MATERNELLE LES MOUSSAILLONS,16 - Montérégie,"130, rue St-Nicolas",Sorel-Tracy,J3P 6X9,(450) 742-7504,,lesmoussaillons@outlook.com,GARD,45,0,,,0
GARDERIE POUR TOUS LES AMIS,16 - Montérégie,"91, 5e Boulevard",Terrasse-Vaudreuil,J7V 5M1,(514) 901-9011,,pourtouslesamis@hotmail.com,GARD,72,10,,,1
AU ROYAUME DES CHÉRUBINS,16 - Montérégie,"255, rue Jean-Coutu, suite 100",Varennes,J3X 0E1,"(450) 646-9611, poste 1632",,drenaud2@metro.ca,CPE,68,0,CR,,1
AU ROYAUME DES CHÉRUBINS,16 - Montérégie,"255, rue Jean-Coutu, suite 101",Varennes,J3X 0E1,(450) 646-9760,,drenaud@jeancoutu.com,CPE,52,20,CR,,1
CENTRE DE LA PETITE ENFANCE MATIN SOLEIL INC.,16 - Montérégie,"45, rue de la Fabrique",Varennes,J3X 1R1,(450) 652-3821,(450) 652-7686,dg@matinsoleil.com,CPE,80,10,CR,,1
CPE LA MAISON BLEUE,16 - Montérégie,"22, rue Sainte-Anne",Varennes,J3X 1R5,"(450) 652-0514, poste 221",(450) 652-9309,lportelance@cpelmb.com,CPE,26,0,CR,,1
CPE LA MAISON BLEUE,16 - Montérégie,"80, rue Dalpé",Varennes,J3X 1C5,"(450) 652-0514, poste 222",(450) 652-9309,lportelance@cpelmb.com,CPE,80,10,CR,,1
CPE LA MAISON BLEUE,16 - Montérégie,"88, rue Dalpé",Varennes,J3X 1C5,"(450) 652-0514, poste 221",(450) 652-9309,lportelance@cpelmb.com,CPE,36,0,CR,,1
GARDERIE BÉBÉKIDZ TM DE VARENNES,16 - Montérégie,"1683, route Marie-Victorin",Varennes,J3X 1P7,(450) 985-5439,(450) 985-5440,jboudrias@kinderville.info,GARD,44,0,,,1
GARDERIE KINDERVILLE TM DE VARENNES,16 - Montérégie,"1681, route Marie-Victorin",Varennes,J3X 1P7,(450) 652-0456,(450) 652-0456,jboudrias@kinderville.info,GARD,36,0,CR,,1
GARDERIE ÉDUCATIVE ET PRÉ-MATERNELLE LES CHABICHOUX,16 - Montérégie,"321, rue du Trécarré",Varennes,J3X 1Z3,(450) 652-7747,,leleyiying@gmail.com,GARD,80,10,CR,,1
GARDERIE ÉDUCATIVE MIMI PINSON INC.,16 - Montérégie,"101, boulevard de la Marine",Varennes,J3X 1Y2,(450) 652-1923,(450) 652-1923,garderiemimipinson@yahoo.ca,GARD,71,10,CR,,1
LA PETITE ÉCOLE VISION VARENNES INC,16 - Montérégie,"50, rue de la Gabelle",Varennes,J3X 2J4,(450) 652-4848,,varennes@petiteecolevision.com,GARD,66,0,,,1
LES FLAMBOYANTS DE VARENNES,16 - Montérégie,"1471, boulevard Lionel-Boulet, suite 16",Varennes,J3X 1P7,(514) 971-3869,,info@les-flamboyants.com,GARD,80,15,,,1
ACADÉMIE DES PETITS APPRENTIS,16 - Montérégie,"2500, rue Henry-Ford",Vaudreuil-Dorion,J7V 9H5,(450) 424-5512,,info@academiedpa.ca,GARD,80,10,CR,,1
CENTRE DE LA PETITE ENFANCE LA RELÈVE V.-S.,16 - Montérégie,"2511, rue Paul-Gérin-Lajoie",Vaudreuil-Dorion,J7V 9H8,(450) 424-9304,(450) 424-0548,directionlareleve@videotron.ca,CPE,80,20,CR,,1
CENTRE DE LA PETITE ENFANCE LES PETITS MOUSSES,16 - Montérégie,"2520, rue des Muguets",Vaudreuil-Dorion,J7V 9N8,(514) 453-6687,,fdamour@cpelespetitsmousses.com,CPE,60,10,CR,,1
CENTRE RÉGIONAL DES ENFANTS DE VAUDREUIL-DORION,16 - Montérégie,"450, avenue Saint-Charles",Vaudreuil-Dorion,J7V 2N1,(450) 510-9996,(450) 455-0584,dianegauthier1@videotron.ca,GARD,56,0,,,1
CENTRE ÉDUCATIF DU VILLAGE DE VAUDREUIL INC.,16 - Montérégie,"680, rue Chicoine",Vaudreuil-Dorion,J7V 9J4,(450) 455-1852,(450) 455-7062,magdihanna@hotmail.com,GARD,80,10,CR,,1
CENTRE ÉDUCATIF DU VILLAGE DE VAUDREUIL-DORION 2,16 - Montérégie,"3275, boulevard de la Gare, bureau 101",Vaudreuil-Dorion,J7V 8W5,(450) 510-0010,,centreeducatifstlazare@hotmail.com,GARD,38,15,,,1
CENTRE ÉDUCATIF DU VILLAGE DE VAUDREUIL-DORION INC.,16 - Montérégie,"3275, boulevard de la Gare",Vaudreuil-Dorion,J7V 8W5,(450) 510-0010,(450) 510-3270,magdihanna@hotmail.com,GARD,52,0,CR,,1
CENTRE ÉDUCATIF À CIEL OUVERT - VAUDREUIL-DORION 2,16 - Montérégie,"105, rue Bill-Durnan",Vaudreuil-Dorion,J7V 0J6,(514) 978-0123,,jeremycola@groupecsg.com,GARD,80,15,,,1
CENTRE ÉDUCATIF À CIEL OUVERT-VAUDREUIL-DORION,16 - Montérégie,"101, Bill Durnan",Vaudreuil-Dorion,J7V 0J6,(514) 895-7810,,ghassan@hacoll.com,GARD,80,15,CR,,1
GARDERIE ENFANTASIA II INC.,16 - Montérégie,"100, chemin de l'Anse",Vaudreuil-Dorion,J7V 8P3,(450) 424-1161,(450) 424-1075,tonysalvo@live.ca,GARD,80,0,CR,,1
GARDERIE LAURIE BRICOLE-LÀ,16 - Montérégie,"3663, route Harwood",Vaudreuil-Dorion,J7V 0K1,(514) 830-4118,,cath.gagne@hotmail.com,GARD,80,15,,,1
GARDERIE MAISON ARC-EN-CIEL,16 - Montérégie,"980, boulevard Saint-Charles, bureau 128",Vaudreuil-Dorion,J7V 8P5,(450) 424-4141,,nada@maison-arc-en-ciel.com,GARD,76,20,,,1
GARDERIE MAISON ARC-EN-CIEL II,16 - Montérégie,"21, boulevard de la Cité-des-Jeunes, bureau 130",Vaudreuil-Dorion,J7V 0N3,(450) 424-0002,(450) 424-0007,mariam@maison-arc-en-ciel.com,GARD,75,15,CR,,1
GARDERIE PRÉCIEUX CARGO INC.,16 - Montérégie,"439, boulevard de la Cité-des-Jeunes",Vaudreuil-Dorion,J7V 0H3,(450) 218-6266,,garderiepreciouscargo@outlook.com,GARD,80,15,CR,,1
GARDERIE RAYONS DE SOLEIL DE DORION INC.,16 - Montérégie,"261, avenue Saint-Charles",Vaudreuil-Dorion,J7V 2L6,(450) 455-0337,(450) 455-1591,info@garderierayonsdesoleil.ca,GARD,54,0,CR,,1
GARDERIE ÉDUCATIVE L'UNIVERS EN MOI,16 - Montérégie,"1010, rue Émile-Bouchard",Vaudreuil-Dorion,J7V 0B6,,,,GARD,80,15,CR,,1
INSPIRATION MONTESSORI,16 - Montérégie,"110-1051, avenue Saint-Charles",Vaudreuil-Dorion,J7V 8P5,(450) 319-1114,(514) 221-2122,sasha@inspirationmontessori.com,GARD,24,0,,,1
L'ACADÉMIE DES MINIS COUP DE POUCE INC.,16 - Montérégie,"418, avenue Saint-Charles, bureau 100",Vaudreuil-Dorion,J7V 2N1,(450) 218-4568,,info@amcp.ca,GARD,70,10,,,1
L'ACADÉMIE DES ÉTOILES DU MONDE,16 - Montérégie,"463, avenue Saint-Charles, bureau 200",Vaudreuil-Dorion,J7V 2N4,(450) 218-4398,,academiedesetoilesdumonde@hotmail.com,GARD,80,15,,,1
LA GARDERIE LE MONDE DES RÊVES INC.,16 - Montérégie,"100A, chemin de l'Anse",Vaudreuil-Dorion,J7V 8P3,(450) 424-1161,(450) 424-1075,tonysalvo@live.ca,GARD,18,10,,,1
LE COIN DES PETITS AMIS,16 - Montérégie,"415, avenue Saint-Charles",Vaudreuil-Dorion,J7V 2M8,(450) 455-3803,,dianegauthier1@videotron.ca,GARD,59,5,CR,,1
UN MONDE JUSTE POUR NOUS 2,16 - Montérégie,"150D, boulevard Harwood",Vaudreuil-Dorion,J7V 1Y2,(450) 218-6480,,unmondejustepournous2@gmail.com,GARD,80,15,CR,,1
GARDERIE EILEEN MARIE INC.,16 - Montérégie,"1021, avenue Saint-Charles",Vaudreuil-sur-le-Lac,J7V 8P3,(450) 424-4622,(450) 424-6027,garderiegem@gmail.com,GARD,80,30,CR,,1
C.P.E. PETIT À PETIT,16 - Montérégie,"500, rue Duvernay",Verchères,J0L 2R0,(450) 583-6625,(450) 583-6581,cpe.petitapetit@videotron.ca,CPE,75,5,CR,,1
CENTRE DE LA PETITE ENFANCE LA MARELLE INC. (LA MARMAILLE),16 - Montérégie,"146, rue Guillemette",Yamaska,J0G 1W0,,,,CPE,38,5,CR,,0
,,,,,,,,,,,,,
Légende,,,,,,,,,,,,,
CPE : Centre de la petite enfance                                          GARD : Garderie                                         Poupon : Place pour poupon (de 0 à moins de 18 mois)                                            CR : Place à contribution réduite,,,,,,,,,,,,,
MF : Service de garde en milieu familial coordonné par un bureau coordonnateur (Les coordonnées sont celles du bureau coordonnateur)           RSG : Responsable d'un service de garde en milieu familial reconnue par un bureau coordonnateur,,,,,,,,,,,,,
,,,,,,,,,,,,,
